City_ID,City,Country,Date,Lat,Lng,Max Temp,Humidity,Cloudiness,Wind Speed
0,Thompson,CA,2022-04-18 04:19:19,55.7435,-97.8558,17.76,62,40,2.3
1,New Norfolk,AU,2022-04-18 04:19:20,-42.7826,147.0587,59.92,45,100,1.99
2,Komsomolskiy,UZ,2022-04-18 04:19:20,40.4272,71.7189,75.92,31,45,6.91
3,Tasiilaq,GL,2022-04-18 04:19:21,65.6145,-37.6368,31.64,95,100,8.03
4,Lompoc,US,2022-04-18 04:19:21,34.6391,-120.4579,54.57,88,0,9.22
5,Vardo,NO,2022-04-18 04:19:22,70.3705,31.1107,39.6,91,100,10.71
6,Jamestown,US,2022-04-18 04:18:07,42.097,-79.2353,33.03,58,0,5.75
7,Punta Arenas,CL,2022-04-18 04:19:22,-53.15,-70.9167,41.11,87,75,3.44
8,Puerto Leguizamo,CO,2022-04-18 04:19:23,-0.1934,-74.7819,71.83,98,98,0.65
9,Sada,ES,2022-04-18 04:19:23,43.3562,-8.258,56.28,89,100,8.05
10,Port Elizabeth,ZA,2022-04-18 04:19:24,-33.918,25.5701,62.1,96,20,5.75
11,Oranjemund,NA,2022-04-18 04:19:24,-28.55,16.4333,60.15,68,0,6.85
12,Hithadhoo,MV,2022-04-18 04:19:25,-0.6,73.0833,83.35,74,26,9.71
13,Cape Town,ZA,2022-04-18 04:14:33,-33.9258,18.4232,59.92,83,92,11.99
14,Awjilah,LY,2022-04-18 04:19:26,29.1081,21.2869,58.05,84,75,10.04
15,Wattegama,LK,2022-04-18 04:19:26,6.7989,81.4808,86.41,63,51,4.74
16,Wajima,JP,2022-04-18 04:19:27,37.4,136.9,65.08,59,75,6.91
17,Chuy,UY,2022-04-18 04:19:27,-33.6971,-53.4616,61.21,86,100,6.17
18,Coari,BR,2022-04-18 04:19:28,-4.085,-63.1414,72.54,98,85,1.88
19,Lavrentiya,RU,2022-04-18 04:19:28,65.5833,-171.0,31.73,96,100,14.54
20,Nikolskoye,RU,2022-04-18 04:19:28,59.7035,30.7861,39.87,73,99,2.93
21,Talcahuano,CL,2022-04-18 04:19:29,-36.7167,-73.1167,47.88,93,40,0.0
22,Newport,GB,2022-04-18 04:19:29,51.5877,-2.9984,48.69,87,69,6.93
23,Kavieng,PG,2022-04-18 04:19:30,-2.5744,150.7967,86.05,63,36,13.06
24,Los Alamos,US,2022-04-18 04:19:30,35.8881,-106.307,56.98,18,0,6.91
25,Tingi,TZ,2022-04-18 04:19:31,-11.3,35.0333,62.89,96,77,3.98
26,Hobart,AU,2022-04-18 04:19:31,-42.8794,147.3294,60.26,67,75,16.11
27,Faya,SA,2022-04-18 04:19:32,18.3851,42.4509,66.31,32,10,4.23
28,Acajutla,SV,2022-04-18 04:19:32,13.5928,-89.8275,82.31,77,97,7.52
29,Lardos,GR,2022-04-18 04:17:28,36.0942,28.0157,61.95,86,78,15.52
30,Angoram,PG,2022-04-18 04:19:33,-4.0625,144.0661,87.19,69,37,5.08
31,Kodiak,US,2022-04-18 04:19:33,57.79,-152.4072,38.71,75,100,14.97
32,Castro,BR,2022-04-18 04:19:34,-24.7911,-50.0119,50.02,98,17,4.9
33,San Patricio,US,2022-04-18 04:19:34,28.017,-97.5169,76.87,90,37,6.26
34,Qaanaaq,GL,2022-04-18 04:15:16,77.484,-69.3632,-21.33,68,0,7.09
35,Yulara,AU,2022-04-18 04:17:34,-25.2406,130.9889,82.24,24,8,9.22
36,Kapaa,US,2022-04-18 04:19:35,22.0752,-159.319,80.58,77,40,20.71
37,Robertsport,LR,2022-04-18 04:19:36,6.7533,-11.3686,78.96,85,100,6.15
38,Bikramganj,IN,2022-04-18 04:19:36,25.2,84.25,103.69,6,0,4.29
39,Dikson,RU,2022-04-18 04:19:37,73.5069,80.5464,6.17,92,100,3.33
40,Bluff,NZ,2022-04-18 04:19:37,-46.6,168.3333,62.8,66,84,2.89
41,Mishkino,RU,2022-04-18 04:19:38,55.3389,63.9175,40.35,64,97,6.26
42,Fairbanks,US,2022-04-18 04:16:10,64.8378,-147.7164,37.74,38,0,5.75
43,Qandala,SO,2022-04-18 04:19:38,11.472,49.8728,86.18,55,2,6.29
44,Albany,US,2022-04-18 04:18:56,42.6001,-73.9662,37.63,62,4,5.77
45,Tuktoyaktuk,CA,2022-04-18 04:19:39,69.4541,-133.0374,12.2,73,75,6.91
46,Viru,PE,2022-04-18 04:19:40,-8.4167,-78.75,68.2,80,19,2.62
47,Hilo,US,2022-04-18 04:19:40,19.7297,-155.09,75.27,88,75,5.75
48,Lorengau,PG,2022-04-18 04:20:41,-2.0226,147.2712,84.31,75,66,6.62
49,Tuatapere,NZ,2022-04-18 04:20:41,-46.1333,167.6833,61.38,65,86,1.57
50,Gonbad-E Qabus,IR,2022-04-18 04:20:41,37.25,55.1672,55.31,88,75,0.0
51,Khatanga,RU,2022-04-18 04:20:42,71.9667,102.5,10.69,89,96,15.99
52,Piney Green,US,2022-04-18 04:20:43,34.716,-77.3202,57.9,61,100,13.8
53,Tocopilla,CL,2022-04-18 04:20:43,-22.092,-70.1979,63.07,75,30,4.43
54,Bengkulu,ID,2022-04-18 04:20:44,-3.8004,102.2655,83.25,77,76,5.48
55,Abay,KZ,2022-04-18 04:20:44,49.6311,72.8539,66.58,23,100,8.39
56,Srednekolymsk,RU,2022-04-18 04:20:44,67.45,153.6833,25.36,83,99,6.53
57,Ibra,OM,2022-04-18 04:20:45,22.6906,58.5334,85.6,32,0,2.93
58,Saint-Augustin,CA,2022-04-18 04:20:46,51.226,-58.6502,32.11,98,100,9.57
59,Mugumu,TZ,2022-04-18 04:20:46,-1.85,34.7,59.27,95,100,3.53
60,Brumunddal,NO,2022-04-18 04:20:47,60.881,10.9395,37.56,90,83,1.23
61,Katsuura,JP,2022-04-18 04:20:47,35.1333,140.3,62.62,71,100,11.32
62,Saskylakh,RU,2022-04-18 04:20:48,71.9167,114.0833,30.54,97,100,6.96
63,Leh,IN,2022-04-18 04:17:29,34.1667,77.5833,41.88,39,2,1.77
64,Atuona,PF,2022-04-18 04:20:49,-9.8,-139.0333,79.45,80,14,17.9
65,Feira De Santana,BR,2022-04-18 04:20:05,-12.2667,-38.9667,71.73,98,100,3.96
66,Asyut,EG,2022-04-18 04:20:49,27.181,31.1837,80.13,13,48,2.82
67,San Policarpo,PH,2022-04-18 04:20:50,12.1791,125.5072,84.15,62,99,10.2
68,Mataura,NZ,2022-04-18 04:18:39,-46.1927,168.8643,62.47,54,42,2.19
69,Nioro,GM,2022-04-18 04:20:50,13.35,-15.75,72.61,49,3,8.14
70,Poronaysk,RU,2022-04-18 04:20:51,49.2167,143.1167,34.09,86,55,7.99
71,Brae,GB,2022-04-18 04:20:51,60.3964,-1.353,45.77,83,92,23.73
72,Palmer,US,2022-04-18 04:20:52,42.1584,-72.3287,38.8,77,0,3.44
73,Killybegs,IE,2022-04-18 04:20:52,54.6333,-8.45,44.96,72,71,13.44
74,San Cristobal,VE,2022-04-18 04:20:53,7.7669,-72.225,68.18,97,99,3.11
75,Porto Novo,BJ,2022-04-18 04:20:53,6.4965,2.6036,75.02,93,100,7.47
76,Carnarvon,AU,2022-04-18 04:20:54,-24.8667,113.6333,77.07,61,91,11.5
77,Dire,ML,2022-04-18 04:20:54,12.2833,-10.9667,86.41,30,56,2.68
78,Sisimiut,GL,2022-04-18 04:20:55,66.9395,-53.6735,17.98,87,100,4.92
79,Rincon,US,2022-04-18 04:16:13,32.296,-81.2354,69.76,88,40,6.91
80,East London,ZA,2022-04-18 04:20:55,-33.0153,27.9116,59.94,88,0,8.05
81,Snasa,NO,2022-04-18 04:20:56,64.2457,12.3778,33.31,85,95,3.31
82,Kysyl-Syr,RU,2022-04-18 04:20:56,63.8986,122.7617,31.66,99,100,11.95
83,La Cruz,MX,2022-04-18 04:20:57,23.9167,-106.9,72.14,64,94,3.27
84,Ushuaia,AR,2022-04-18 04:18:42,-54.8,-68.3,44.26,81,20,14.97
85,Bredasdorp,ZA,2022-04-18 04:20:58,-34.5322,20.0403,61.12,89,100,5.08
86,Port Alfred,ZA,2022-04-18 04:20:58,-33.5906,26.891,60.19,95,73,5.01
87,Provideniya,RU,2022-04-18 04:20:59,64.3833,-173.3,32.36,93,100,20.13
88,Busselton,AU,2022-04-18 04:20:59,-33.65,115.3333,65.1,59,95,5.46
89,Krasnomayskiy,RU,2022-04-18 04:21:00,57.6194,34.4099,31.33,82,67,2.1
90,Meulaboh,ID,2022-04-18 04:21:00,4.1363,96.1285,84.72,72,100,3.71
91,Caravelas,BR,2022-04-18 04:21:01,-17.7125,-39.2481,76.3,67,78,9.95
92,Cabra,ES,2022-04-18 04:21:01,37.4725,-4.4421,62.11,54,100,4.05
93,Charters Towers,AU,2022-04-18 04:22:02,-20.1,146.2667,85.96,33,0,8.12
94,Half Moon Bay,US,2022-04-18 04:22:02,37.4636,-122.4286,52.79,76,0,13.8
95,Norman Wells,CA,2022-04-18 04:19:56,65.282,-126.8329,24.84,24,20,3.44
96,Bethel,US,2022-04-18 04:22:03,41.3712,-73.414,39.94,66,0,0.0
97,Hadejia,NG,2022-04-18 04:22:03,12.4498,10.0444,82.89,53,99,11.36
98,Rantauprapat,ID,2022-04-18 04:22:04,2.1,99.8333,84.99,74,100,2.64
99,Aykhal,RU,2022-04-18 04:22:04,66.0,111.5,21.67,90,100,21.94
100,Georgetown,MY,2022-04-18 04:20:04,5.4112,100.3354,91.33,69,20,3.44
101,Le Port,RE,2022-04-18 04:22:05,-20.9373,55.2919,78.8,84,7,6.2
102,Kruisfontein,ZA,2022-04-18 04:22:06,-34.0033,24.7314,59.88,89,100,3.33
103,Rikitea,PF,2022-04-18 04:22:06,-23.1203,-134.9692,78.46,63,3,8.7
104,Ixtapa,MX,2022-04-18 04:22:07,20.7,-105.2,74.23,83,0,0.0
105,Alamos,MX,2022-04-18 04:22:07,27.0167,-108.9333,79.47,13,89,4.34
106,Puerto Ayora,EC,2022-04-18 04:22:08,-0.7393,-90.3518,74.55,94,100,6.42
107,Klaksvik,FO,2022-04-18 04:22:08,62.2266,-6.589,47.32,89,100,26.13
108,Husavik,IS,2022-04-18 04:22:08,66.0449,-17.3389,38.26,98,100,1.57
109,Laguna,US,2022-04-18 04:22:09,38.421,-121.4238,58.6,53,0,9.22
110,Portland,US,2022-04-18 04:19:02,45.5234,-122.6762,54.18,56,100,5.99
111,Barrow,US,2022-04-18 04:22:10,71.2906,-156.7887,6.82,78,0,10.36
112,Vaini,TO,2022-04-18 04:22:10,-21.2,-175.2,84.36,79,75,5.75
113,Walvis Bay,NA,2022-04-18 04:22:11,-22.9575,14.5053,61.25,75,7,5.03
114,Lebu,CL,2022-04-18 04:22:11,-37.6167,-73.65,51.82,90,26,6.29
115,Margate,GB,2022-04-18 04:22:12,51.3813,1.3862,48.69,71,18,5.93
116,Severo-Kurilsk,RU,2022-04-18 04:22:12,50.6789,156.125,31.77,85,93,8.12
117,Oyama,JP,2022-04-18 04:22:13,36.3,139.8,66.58,58,100,6.58
118,Kavaratti,IN,2022-04-18 04:22:13,10.5669,72.642,83.66,69,90,1.28
119,Marquette,US,2022-04-18 04:20:44,46.5333,-87.6335,31.44,83,100,4.21
120,Sidi Ali,DZ,2022-04-18 04:22:14,36.0998,0.4206,58.5,63,68,2.13
121,Kenai,US,2022-04-18 04:22:14,60.5544,-151.2583,44.02,65,20,3.44
122,Camacha,PT,2022-04-18 04:22:15,33.0833,-16.3333,58.42,77,40,18.41
123,Sorland,NO,2022-04-18 04:22:15,67.667,12.6934,42.01,96,100,18.3
124,Kamenka,RU,2022-04-18 04:22:15,51.3223,42.7678,51.49,80,100,6.02
125,Avarua,CK,2022-04-18 04:22:16,-21.2078,-159.775,80.65,69,20,3.44
126,Menomonie,US,2022-04-18 04:22:16,44.8755,-91.9193,37.72,93,100,0.0
127,Aklavik,CA,2022-04-18 04:19:55,68.2191,-135.0107,13.35,91,92,8.43
128,Los Llanos De Aridane,ES,2022-04-18 04:22:17,28.6585,-17.9182,69.55,43,75,13.8
129,Tessalit,ML,2022-04-18 04:22:17,20.1986,1.0114,67.71,24,0,8.39
130,Sibolga,ID,2022-04-18 04:22:18,1.7427,98.7792,78.48,89,100,3.0
131,Hovd,MN,2022-04-18 04:22:18,48.0056,91.6419,57.27,10,14,2.71
132,Vostok,RU,2022-04-18 04:22:19,46.4856,135.8833,40.5,48,99,12.08
133,Port Hedland,AU,2022-04-18 04:22:19,-20.3167,118.5667,98.65,18,13,19.57
134,Hasaki,JP,2022-04-18 04:22:20,35.7333,140.8333,64.8,68,100,10.94
135,Lucea,JM,2022-04-18 04:22:20,18.451,-78.1736,76.86,76,0,2.75
136,Chitose,JP,2022-04-18 04:22:21,42.8194,141.6522,54.1,47,75,18.41
137,Carutapera,BR,2022-04-18 04:22:21,-1.195,-46.02,74.77,95,100,1.92
138,Yellowknife,CA,2022-04-18 04:22:22,62.456,-114.3525,14.52,57,20,3.44
139,Ilebo,CD,2022-04-18 04:22:22,-4.3167,20.5833,70.84,94,94,1.03
140,Ostrovnoy,RU,2022-04-18 04:21:09,68.0531,39.5131,33.51,92,100,6.49
141,Torbay,CA,2022-04-18 04:19:02,47.6666,-52.7314,47.17,92,75,25.32
142,Hermanus,ZA,2022-04-18 04:23:23,-34.4187,19.2345,60.57,86,92,11.01
143,Mayo,US,2022-04-18 04:23:23,38.8876,-76.5119,48.15,48,0,6.91
144,Vestmanna,FO,2022-04-18 04:23:24,62.1564,-7.1664,43.72,93,100,27.63
145,Isangel,VU,2022-04-18 04:23:24,-19.55,169.2667,81.93,75,100,5.39
146,Qaqortoq,GL,2022-04-18 04:23:25,60.7167,-46.0333,25.3,87,28,1.1
147,Zhigansk,RU,2022-04-18 04:23:25,66.7697,123.3711,31.21,85,100,29.24
148,Chicama,PE,2022-04-18 04:23:26,-7.8447,-79.1469,61.34,84,41,5.14
149,Dukat,RU,2022-04-18 04:23:26,62.55,155.55,22.12,77,100,1.48
150,Adrar,MR,2022-04-18 04:23:27,20.5022,-10.0711,73.11,16,86,12.24
151,Port-Cartier,CA,2022-04-18 04:23:27,50.0334,-66.8654,35.82,70,88,16.35
152,Kalmunai,LK,2022-04-18 04:23:28,7.4167,81.8167,85.12,70,63,2.08
153,Ponta Do Sol,PT,2022-04-18 04:23:29,32.6667,-17.1,65.12,57,53,13.42
154,Eydhafushi,MV,2022-04-18 04:18:49,5.1033,73.0708,84.42,71,81,10.94
155,Krasnoselkup,RU,2022-04-18 04:23:30,65.7,82.4667,18.73,88,100,16.26
156,Bandar-E Lengeh,IR,2022-04-18 04:23:30,26.5579,54.8807,78.91,31,0,9.22
157,Alta Floresta,BR,2022-04-18 04:23:31,-9.8756,-56.0861,70.5,97,98,2.82
158,Saint-Georges,GD,2022-04-18 04:19:29,12.0564,-61.7485,80.28,78,20,13.8
159,Ancud,CL,2022-04-18 04:23:32,-41.8697,-73.8203,55.22,90,92,6.71
160,Broken Hill,AU,2022-04-18 04:19:57,-31.95,141.4333,81.84,23,100,14.12
161,San Juan Del Sur,NI,2022-04-18 04:23:32,11.2529,-85.8705,79.23,69,100,4.63
162,Butaritari,KI,2022-04-18 04:23:33,3.0707,172.7902,81.75,72,23,11.81
163,Codrington,AU,2022-04-18 04:23:33,-38.2667,141.9667,59.38,71,100,9.91
164,Oyem,GA,2022-04-18 04:23:34,1.5995,11.5793,68.59,98,100,2.26
165,Tobermory,CA,2022-04-18 04:23:34,45.2501,-81.6665,32.05,64,0,3.91
166,Saint-Philippe,RE,2022-04-18 04:23:35,-21.3585,55.7679,78.39,88,24,11.01
167,Biloela,AU,2022-04-18 04:23:35,-24.4167,150.5,83.73,26,0,2.48
168,Pisco,PE,2022-04-18 04:19:59,-13.7,-76.2167,63.01,82,0,9.22
169,Cabo San Lucas,MX,2022-04-18 04:18:59,22.8909,-109.9124,76.51,64,98,5.99
170,Nanakuli,US,2022-04-18 04:23:36,21.3906,-158.1547,78.75,60,75,9.22
171,Arraial Do Cabo,BR,2022-04-18 04:23:37,-22.9661,-42.0278,71.22,72,19,3.98
172,Longyearbyen,SJ,2022-04-18 04:23:37,78.2186,15.6401,21.04,86,100,0.0
173,Zambezi,ZM,2022-04-18 04:23:38,-13.5432,23.1047,62.19,98,69,4.79
174,Karla,EE,2022-04-18 04:23:38,59.3723,24.9275,37.36,81,0,4.61
175,Sitka,US,2022-04-18 04:23:39,57.0531,-135.33,44.49,53,75,0.0
176,Moussoro,TD,2022-04-18 04:23:39,13.6408,16.4901,84.38,16,100,5.95
177,Clyde River,CA,2022-04-18 04:23:40,70.4692,-68.5914,-16.37,76,100,5.75
178,Kalinovskaya,RU,2022-04-18 04:23:40,43.5758,45.5192,47.48,68,27,3.2
179,North Platte,US,2022-04-18 04:23:41,41.1239,-100.7654,42.69,37,0,18.41
180,Port-Gentil,GA,2022-04-18 04:23:42,-0.7193,8.7815,80.55,82,100,6.67
181,Parfino,RU,2022-04-18 04:23:42,57.9731,31.6481,35.1,81,100,2.24
182,Abu Dhabi,AE,2022-04-18 04:19:42,24.4667,54.3667,82.51,41,0,17.27
183,Namatanai,PG,2022-04-18 04:23:42,-3.6667,152.4333,86.05,62,92,10.47
184,Chokurdakh,RU,2022-04-18 04:23:43,70.6333,147.9167,15.51,88,47,4.85
185,Bonavista,CA,2022-04-18 04:23:43,48.6499,-53.1147,39.92,96,100,17.43
186,Amahai,ID,2022-04-18 04:24:44,-3.3333,128.9167,87.12,64,99,7.25
187,Marsh Harbour,BS,2022-04-18 04:24:44,26.5412,-77.0636,75.79,83,43,12.35
188,Yakeshi,CN,2022-04-18 04:24:45,49.2833,120.7333,56.91,35,99,19.77
189,Lyubymivka,UA,2022-04-18 04:24:45,46.8106,33.5686,39.99,93,100,18.28
190,Namtsy,RU,2022-04-18 04:24:46,62.7161,129.6658,34.68,77,100,14.47
191,Floro,NO,2022-04-18 04:24:46,61.5996,5.0328,44.96,81,0,5.75
192,Ulaangom,MN,2022-04-18 04:24:47,49.9811,92.0667,55.45,20,98,1.68
193,Puerto Escondido,MX,2022-04-18 04:24:48,15.85,-97.0667,81.1,73,10,8.5
194,Tiksi,RU,2022-04-18 04:24:48,71.6872,128.8694,8.85,93,95,3.89
195,Bandarbeyla,SO,2022-04-18 04:24:46,9.4942,50.8122,82.53,76,17,9.22
196,Whitianga,NZ,2022-04-18 04:24:49,-36.8333,175.7,63.03,90,100,19.1
197,Ulladulla,AU,2022-04-18 04:24:50,-35.35,150.4667,81.5,49,100,2.24
198,Mount Isa,AU,2022-04-18 04:24:50,-20.7333,139.5,94.77,14,0,6.91
199,Svetlogorsk,BY,2022-04-18 04:24:50,52.6333,29.7333,33.19,97,100,8.57
200,Ada,US,2022-04-18 04:24:51,43.4166,-116.1262,47.55,42,100,8.01
201,La Ronge,CA,2022-04-18 04:24:51,55.1001,-105.2842,28.62,68,20,2.3
202,Belaya Gora,RU,2022-04-18 04:24:52,68.5333,146.4167,22.89,80,100,4.05
203,Ust-Ishim,RU,2022-04-18 04:24:52,57.6935,71.1665,37.4,56,53,6.04
204,Olinda,BR,2022-04-18 04:24:53,-8.0089,-34.8553,82.13,69,40,3.44
205,Port Macquarie,AU,2022-04-18 04:24:54,-31.4333,152.9167,77.9,62,8,7.49
206,Prince George,CA,2022-04-18 04:22:13,53.9166,-122.753,38.62,38,0,8.05
207,Tautira,PF,2022-04-18 04:24:54,-17.7333,-149.15,80.46,75,30,9.17
208,Zhengjiatun,CN,2022-04-18 04:24:55,43.5064,123.5064,59.09,17,0,8.01
209,Hambantota,LK,2022-04-18 04:24:55,6.1241,81.1185,86.34,84,20,9.22
210,Silver City,US,2022-04-18 04:24:56,32.7701,-108.2803,63.3,9,0,11.5
211,Mahebourg,MU,2022-04-18 04:24:56,-20.4081,57.7,79.25,100,40,5.75
212,Cherskiy,RU,2022-04-18 04:24:57,68.75,161.3,17.11,87,100,4.76
213,Ahipara,NZ,2022-04-18 04:24:58,-35.1667,173.1667,71.04,85,100,10.29
214,Puerto Ayacucho,VE,2022-04-18 04:24:58,5.6639,-67.6236,75.52,92,93,4.16
215,Kaitangata,NZ,2022-04-18 04:24:59,-46.2817,169.8464,58.05,62,16,3.89
216,Gunnedah,AU,2022-04-18 04:24:59,-30.9833,150.25,76.08,39,99,4.25
217,Lagunillas,VE,2022-04-18 04:25:00,10.1301,-71.2595,78.15,82,85,2.77
218,Harper,LR,2022-04-18 04:25:00,4.375,-7.7169,77.11,88,81,0.27
219,Zyryanka,RU,2022-04-18 04:25:01,65.75,150.85,25.83,84,100,9.13
220,Kasongo-Lunda,CD,2022-04-18 04:25:01,-6.4667,16.8167,69.46,99,96,1.72
221,Batemans Bay,AU,2022-04-18 04:23:05,-35.7167,150.1833,73.09,50,100,4.76
222,Sterling,US,2022-04-18 04:24:46,39.0062,-77.4286,46.76,48,40,9.22
223,Samut Prakan,TH,2022-04-18 04:25:02,13.5,100.45,94.05,62,91,7.99
224,Tiznit,MA,2022-04-18 04:25:03,29.5833,-9.5,70.66,23,100,2.8
225,Kahului,US,2022-04-18 04:23:53,20.8947,-156.47,77.02,72,40,18.41
226,Bridgetown,BB,2022-04-18 04:25:04,13.1,-59.6167,79.29,78,40,17.27
227,Papetoai,PF,2022-04-18 04:25:05,-17.4961,-149.8729,81.99,73,5,10.27
228,Ploemeur,FR,2022-04-18 04:25:05,47.7333,-3.4333,50.83,88,60,3.44
229,Bonthe,SL,2022-04-18 04:25:06,7.5264,-12.505,76.69,79,99,5.64
230,Dunedin,NZ,2022-04-18 04:25:06,-45.8742,170.5036,59.81,65,13,11.01
231,Vallenar,CL,2022-04-18 04:25:07,-28.5708,-70.7581,60.62,67,0,1.63
232,Quatre Cocos,MU,2022-04-18 04:26:08,-20.2078,57.7625,79.09,84,38,12.53
233,San Andres,CO,2022-04-18 04:26:08,12.5847,-81.7006,80.62,78,20,8.05
234,Bambous Virieux,MU,2022-04-18 04:26:08,-20.3428,57.7575,79.21,100,40,5.75
235,Kendari,ID,2022-04-18 04:26:09,-3.945,122.4989,86.59,64,100,5.5
236,Jasper,US,2022-04-18 04:26:10,37.2001,-94.3502,42.87,85,100,11.5
237,Tartus,SY,2022-04-18 04:26:10,34.889,35.8866,68.59,52,98,10.18
238,Kudahuvadhoo,MV,2022-04-18 04:26:11,2.6708,72.8944,84.29,64,43,10.58
239,Suez,EG,2022-04-18 04:26:11,29.9737,32.5263,74.1,29,94,6.6
240,Piove Di Sacco,IT,2022-04-18 04:26:12,45.2977,12.0368,44.44,71,11,2.59
241,Chifeng,CN,2022-04-18 04:26:12,42.2683,118.9636,59.0,19,0,4.36
242,Sungaipenuh,ID,2022-04-18 04:26:13,-2.0833,101.3833,72.18,86,96,1.5
243,Kamyshin,RU,2022-04-18 04:26:13,50.0983,45.416,54.73,67,100,5.41
244,Lermontovka,RU,2022-04-18 04:26:14,47.1453,134.3383,50.16,28,48,11.01
245,Ribeira Grande,PT,2022-04-18 04:26:14,38.5167,-28.7,58.08,66,51,20.56
246,Tilichiki,RU,2022-04-18 04:26:15,60.4667,166.1,25.43,79,51,7.38
247,Hofn,IS,2022-04-18 04:26:15,64.2539,-15.2082,43.88,71,54,8.66
248,Acapulco,MX,2022-04-18 04:22:28,16.8634,-99.8901,78.62,78,0,4.61
249,Taltal,CL,2022-04-18 04:26:16,-25.4,-70.4833,60.12,84,11,1.21
250,Ballina,AU,2022-04-18 04:26:17,-28.8667,153.5667,77.18,57,40,10.36
251,Souillac,MU,2022-04-18 04:26:17,-20.5167,57.5167,75.58,100,40,5.75
252,Batangafo,CF,2022-04-18 04:26:18,7.3008,18.2833,72.91,84,100,5.46
253,Geraldton,AU,2022-04-18 04:26:18,-28.7667,114.6,75.61,38,0,12.66
254,Multai,IN,2022-04-18 04:26:19,21.7667,78.25,93.74,12,0,15.64
255,Zabol,AF,2022-04-18 04:26:19,32.25,67.25,63.68,44,100,9.26
256,Rawson,AR,2022-04-18 04:26:20,-43.3002,-65.1023,61.57,67,19,22.44
257,Fortuna,US,2022-04-18 04:26:20,40.5982,-124.1573,47.66,81,0,5.75
258,Vila Franca Do Campo,PT,2022-04-18 04:26:21,37.7167,-25.4333,57.61,71,78,12.95
259,Mezen,RU,2022-04-18 04:26:21,65.8522,44.24,32.4,97,99,7.23
260,Coahuayana,MX,2022-04-18 04:26:21,18.7333,-103.6833,71.33,86,90,1.7
261,Cedar City,US,2022-04-18 04:21:28,37.6775,-113.0619,55.4,21,0,6.91
262,Mecca,SA,2022-04-18 04:24:42,21.4267,39.8261,83.1,31,5,2.53
263,Victoria,HK,2022-04-18 04:26:22,22.2855,114.1577,74.32,75,95,5.01
264,Tramore,IE,2022-04-18 04:26:23,52.1624,-7.1524,42.1,75,74,1.99
265,Coquimbo,CL,2022-04-18 04:26:23,-29.9533,-71.3436,55.13,94,100,3.44
266,Jieshou,CN,2022-04-18 04:26:25,33.2634,115.3611,72.63,32,57,12.28
267,Cidreira,BR,2022-04-18 04:26:25,-30.1811,-50.2056,66.79,75,77,10.98
268,Dzhebariki-Khaya,RU,2022-04-18 04:26:26,62.2167,135.8,32.65,70,98,5.55
269,Sault Sainte Marie,CA,2022-04-18 04:26:26,46.5168,-84.3333,30.49,75,20,4.61
270,Muros,ES,2022-04-18 04:26:27,42.7762,-9.0603,55.83,83,82,12.66
271,Muisne,EC,2022-04-18 04:26:27,0.6,-80.0333,75.54,84,85,6.06
272,Lasa,IT,2022-04-18 04:26:28,46.6166,10.7002,33.37,69,3,3.91
273,Gazojak,TM,2022-04-18 04:26:28,41.1875,61.4036,61.27,42,100,13.35
274,Saint George,US,2022-04-18 04:26:29,37.1041,-113.5841,72.19,16,0,5.75
275,Berdigestyakh,RU,2022-04-18 04:27:30,62.0989,126.6992,29.93,95,100,13.09
276,Karratha,AU,2022-04-18 04:27:30,-20.7377,116.8463,94.95,26,7,20.65
277,San Cataldo,IT,2022-04-18 04:27:30,37.4841,13.9854,46.53,93,99,8.01
278,Leesburg,US,2022-04-18 04:27:31,39.1157,-77.5636,46.6,51,0,6.91
279,Dingle,PH,2022-04-18 04:27:32,10.9995,122.6711,86.65,62,46,13.47
280,Svetlyy,RU,2022-04-18 04:27:32,54.675,20.1347,38.97,76,22,5.64
281,Te Anau,NZ,2022-04-18 04:27:33,-45.4167,167.7167,62.64,58,52,4.5
282,Nuqui,CO,2022-04-18 04:27:33,5.7125,-77.2708,77.59,89,92,2.51
283,Havelock,US,2022-04-18 04:27:33,34.8791,-76.9013,58.98,68,100,23.02
284,Skhisma,GR,2022-04-18 04:27:34,35.2667,25.7167,60.84,82,28,7.02
285,Russell,US,2022-04-18 04:27:34,32.3502,-85.1999,65.48,97,75,3.44
286,Sayyan,YE,2022-04-18 04:27:35,15.1718,44.3244,63.55,27,3,2.39
287,Raudeberg,NO,2022-04-18 04:27:35,61.9875,5.1352,43.86,77,96,7.52
288,Kambove,CD,2022-04-18 04:27:36,-10.8764,26.5969,58.57,98,17,4.05
289,Ankola,IN,2022-04-18 04:27:36,14.6667,74.3,86.97,63,16,4.38
290,General Roca,AR,2022-04-18 04:27:37,-39.0333,-67.5833,61.63,47,100,14.65
291,Shache,CN,2022-04-18 04:27:37,38.4167,77.2406,66.34,13,2,4.45
292,Agadez,NE,2022-04-18 04:27:37,19.75,10.25,72.72,22,100,9.13
293,Belmonte,BR,2022-04-18 04:27:38,-15.8631,-38.8828,76.19,79,100,12.03
294,Sandur,IN,2022-04-18 04:27:38,15.1,76.55,85.28,47,18,6.29
295,Takoradi,GH,2022-04-18 04:26:36,4.8845,-1.7554,78.31,88,98,7.45
296,Wetzikon,CH,2022-04-18 04:27:39,47.3264,8.7978,37.76,71,4,1.99
297,Ituango,CO,2022-04-18 04:27:39,7.1712,-75.764,62.6,98,100,1.57
298,Zanjan,IR,2022-04-18 04:27:40,36.6736,48.4787,40.69,56,100,4.61
299,Naze,JP,2022-04-18 04:23:08,28.3667,129.4833,70.72,59,52,6.93
300,Dedougou,BF,2022-04-18 04:27:40,12.4667,-3.4667,82.02,21,97,5.77
301,Mossoro,BR,2022-04-18 04:27:41,-5.1875,-37.3442,76.95,94,75,2.3
302,Pedro Ii,BR,2022-04-18 04:27:41,-4.4247,-41.4586,66.94,98,95,2.39
303,Murdochville,CA,2022-04-18 04:27:42,48.9583,-65.5006,31.08,95,100,14.94
304,Den Helder,NL,2022-04-18 04:27:42,52.9599,4.7593,49.98,68,1,11.99
305,Solnechnyy,RU,2022-04-18 04:27:43,50.7214,136.6319,34.48,89,100,5.82
306,Erzin,TR,2022-04-18 04:27:44,36.9559,36.2,65.75,38,100,10.65
307,Buchanan,LR,2022-04-18 04:27:44,5.8808,-10.0467,76.75,87,94,2.55
308,Wukari,NG,2022-04-18 04:27:45,7.85,9.7833,77.65,84,100,6.11
309,Jumla,NP,2022-04-18 04:27:45,29.2747,82.1838,69.03,26,61,3.62
310,Lyubim,RU,2022-04-18 04:27:46,58.3625,40.6843,34.3,73,35,0.4
311,Texarkana,US,2022-04-18 04:27:46,33.4251,-94.0477,57.9,94,94,5.01
312,Labrea,BR,2022-04-18 04:24:51,-7.2586,-64.7981,73.29,98,100,0.67
313,Yeppoon,AU,2022-04-18 04:27:47,-23.1333,150.7333,83.98,60,10,12.53
314,Hudson Bay,CA,2022-04-18 04:27:47,52.85,-102.3842,20.19,98,100,1.97
315,Narsaq,GL,2022-04-18 04:27:47,60.9167,-46.05,32.22,90,40,1.61
316,Emporia,US,2022-04-18 04:26:07,38.4039,-96.1817,39.4,87,100,4.61
317,Mahajanga,MG,2022-04-18 04:27:48,-15.7167,46.3167,75.22,88,20,4.61
318,Saint-Pierre,RE,2022-04-18 04:27:49,-21.3393,55.4781,79.29,74,20,4.61
319,Soyo,AO,2022-04-18 04:27:49,-6.1349,12.3689,78.57,91,100,5.53
320,Aizpute,LV,2022-04-18 04:27:50,56.7167,21.6,25.83,71,39,3.29
321,Berlevag,NO,2022-04-18 04:28:50,70.8578,29.0864,39.0,93,100,15.05
322,Trincomalee,LK,2022-04-18 04:28:51,8.5711,81.2335,85.26,69,100,9.44
323,Garowe,SO,2022-04-18 04:28:51,8.4054,48.4845,80.28,65,63,8.84
324,Qasigiannguit,GL,2022-04-18 04:28:52,68.8193,-51.1922,10.65,92,100,5.61
325,Alyangula,AU,2022-04-18 04:28:52,-13.8483,136.4192,89.47,62,75,10.36
326,Tabuk,PH,2022-04-18 04:28:53,17.4189,121.4443,87.24,55,80,3.38
327,Upernavik,GL,2022-04-18 04:28:53,72.7868,-56.1549,-4.14,90,100,11.3
328,College,US,2022-04-18 04:28:54,64.8569,-147.8028,37.38,37,20,5.75
329,Ternate,ID,2022-04-18 04:28:54,0.8,127.4,84.76,69,59,2.73
330,Bulgan,MN,2022-04-18 04:28:55,48.8125,103.5347,58.51,23,17,10.74
331,Chalon-Sur-Saone,FR,2022-04-18 04:28:55,46.7833,4.85,37.22,80,60,3.91
332,Kuldur,RU,2022-04-18 04:28:56,49.2167,131.6333,42.21,50,46,8.05
333,Amapa,BR,2022-04-18 04:28:56,1.0,-52.0,71.49,100,100,1.68
334,Huarmey,PE,2022-04-18 04:28:57,-10.0681,-78.1522,66.9,85,6,7.02
335,Waipawa,NZ,2022-04-18 04:28:57,-41.4122,175.5153,58.73,70,58,12.44
336,Takayama,JP,2022-04-18 04:28:58,36.1333,137.25,53.67,87,100,2.62
337,Herat,AF,2022-04-18 04:28:59,34.5,62.0,50.07,76,100,9.46
338,Morondava,MG,2022-04-18 04:29:00,-20.2833,44.2833,80.38,80,1,2.26
339,Kieta,PG,2022-04-18 04:29:00,-6.2167,155.6333,83.34,73,73,4.41
340,Santa Rosa,PH,2022-04-18 04:29:01,14.3122,121.1114,93.18,59,68,14.18
341,Henties Bay,NA,2022-04-18 04:29:01,-22.116,14.2845,62.15,75,9,4.97
342,Gibgos,PH,2022-04-18 04:29:01,13.859,123.7675,84.06,62,13,9.8
343,Asbestos,CA,2022-04-18 04:29:02,45.7668,-71.9324,35.15,82,32,10.47
344,Cabedelo,BR,2022-04-18 04:29:02,-6.9811,-34.8339,77.67,79,99,8.16
345,Omboue,GA,2022-04-18 04:29:03,-1.5746,9.2618,77.11,92,100,3.02
346,Grindavik,IS,2022-04-18 04:29:04,63.8424,-22.4338,39.67,70,75,3.44
347,Venice,US,2022-04-18 04:29:04,27.0998,-82.4543,76.98,91,100,0.0
348,Toamasina,MG,2022-04-18 04:29:05,-18.1667,49.3833,73.4,94,40,4.61
349,Oussouye,SN,2022-04-18 04:29:05,12.485,-16.5469,70.0,75,20,12.19
350,Touros,BR,2022-04-18 04:29:06,-5.1989,-35.4608,78.51,83,100,6.64
351,San Quintin,MX,2022-04-18 04:29:07,30.4833,-115.95,59.07,87,3,15.03
352,Labuhan,ID,2022-04-18 04:29:07,-6.8844,112.2051,87.01,65,69,3.87
353,Chipinge,ZW,2022-04-18 04:29:08,-20.1883,32.6236,59.09,98,99,2.48
354,Batagay,RU,2022-04-18 04:29:08,67.6333,134.6333,24.91,80,10,9.93
355,Athens,GR,2022-04-18 04:26:15,37.9795,23.7162,54.16,80,75,11.99
356,Gamba,GA,2022-04-18 04:29:09,-2.65,10.0,76.08,93,100,2.75
357,Coihaique,CL,2022-04-18 04:29:10,-45.5752,-72.0662,52.41,76,75,5.75
358,Chiriqui Grande,PA,2022-04-18 04:29:10,8.95,-82.1167,77.34,89,100,2.53
359,Andra,RU,2022-04-18 04:29:11,62.5147,65.8878,28.65,87,46,7.23
360,Aitape,PG,2022-04-18 04:29:11,-3.1374,142.3475,84.34,73,65,4.0
361,Avera,US,2022-04-18 04:29:12,33.194,-82.5271,67.51,95,99,3.0
362,Upington,ZA,2022-04-18 04:30:12,-28.4478,21.2561,52.18,87,0,2.3
363,Plouzane,FR,2022-04-18 04:30:13,48.3833,-4.6167,48.52,97,0,5.75
364,Plettenberg Bay,ZA,2022-04-18 04:30:13,-34.0527,23.3716,60.6,77,100,2.82
365,Jalu,LY,2022-04-18 04:30:14,29.0331,21.5482,59.09,81,77,9.57
366,Monte Alegre,BR,2022-04-18 04:30:14,-2.0078,-54.0692,72.84,99,100,1.12
367,Cornwall,CA,2022-04-18 04:30:01,45.0181,-74.7281,37.36,80,0,5.75
368,Yushu,CN,2022-04-18 04:30:15,44.8,126.5333,56.34,17,6,11.05
369,Chaykovskiy,RU,2022-04-18 04:30:16,56.7686,54.1148,33.76,98,100,6.82
370,Qiongshan,CN,2022-04-18 04:30:17,20.0058,110.3542,75.18,94,75,11.18
371,Dhidhdhoo,MV,2022-04-18 04:30:17,6.8833,73.1,83.7,74,87,6.82
372,Carbondale,US,2022-04-18 04:30:17,37.7273,-89.2168,44.89,90,100,5.75
373,Itarema,BR,2022-04-18 04:30:18,-2.9248,-39.9167,76.57,89,75,4.07
374,Cayenne,GF,2022-04-18 04:30:18,4.9333,-52.3333,81.09,1,20,7.0
375,Hami,CN,2022-04-18 04:30:19,42.8,93.45,67.14,10,0,4.23
376,Esperance,AU,2022-04-18 04:30:19,-33.8667,121.9,66.04,61,45,10.54
377,Alofi,NU,2022-04-18 04:30:20,-19.0595,-169.9187,82.29,74,40,9.22
378,Poum,NC,2022-04-18 04:30:20,-20.2333,164.0167,78.03,70,100,9.04
379,Castrillon,ES,2022-04-18 04:30:21,43.3979,-6.7922,47.61,96,60,1.43
380,Gaya,IN,2022-04-18 04:30:21,24.7833,85.0,98.51,20,0,9.22
381,Shelui,TZ,2022-04-18 04:30:22,-4.3667,34.2,68.94,81,100,3.15
382,Faanui,PF,2022-04-18 04:30:22,-16.4833,-151.75,80.89,74,11,9.48
383,Sao Felix Do Xingu,BR,2022-04-18 04:30:23,-6.6447,-51.995,72.28,98,100,0.6
384,Port Shepstone,ZA,2022-04-18 04:29:44,-30.7414,30.455,65.44,79,98,5.68
385,Candelaria,PH,2022-04-18 04:30:23,13.9311,121.4233,85.39,53,44,9.24
386,Bintulu,MY,2022-04-18 04:30:24,3.1667,113.0333,90.01,74,20,8.05
387,Westport,US,2022-04-18 04:29:12,41.1415,-73.3579,43.83,61,0,3.44
388,Mehamn,NO,2022-04-18 04:27:19,71.0357,27.8492,40.08,95,100,14.07
389,Calabozo,VE,2022-04-18 04:30:25,8.9242,-67.4293,77.92,75,100,2.77
390,Saldanha,ZA,2022-04-18 04:30:25,-33.0117,17.9442,53.65,73,70,9.51
391,Vao,NC,2022-04-18 04:30:26,-22.6667,167.4833,77.18,69,64,5.01
392,Synya,RU,2022-04-18 04:30:26,65.3718,58.0387,31.57,95,100,8.68
393,Cam Ranh,VN,2022-04-18 04:30:27,11.9214,109.1591,87.76,55,0,12.66
394,Pevek,RU,2022-04-18 04:30:27,69.7008,170.3133,12.4,89,50,3.96
395,Beringovskiy,RU,2022-04-18 04:30:28,63.05,179.3167,31.48,96,100,5.28
396,Kiunga,PG,2022-04-18 04:30:29,-6.1219,141.2906,83.03,72,100,3.24
397,Zhuhai,CN,2022-04-18 04:30:29,22.2769,113.5678,73.18,83,40,10.36
398,Chokwe,MZ,2022-04-18 04:30:30,-24.5333,32.9833,65.1,96,100,9.66
399,Praia,CV,2022-04-18 04:30:30,14.9215,-23.5087,70.34,73,75,10.36
400,Bambanglipuro,ID,2022-04-18 04:30:31,-7.95,110.2833,88.32,64,83,5.68
401,La Palma,US,2022-04-18 04:30:31,33.8464,-118.0467,66.15,77,0,6.91
402,Reconquista,AR,2022-04-18 04:30:32,-29.15,-59.65,56.71,84,0,3.91
403,Jaque,PA,2022-04-18 04:29:48,7.5175,-78.1703,78.17,87,54,3.6
404,Dicabisagan,PH,2022-04-18 04:30:33,17.0818,122.4157,80.78,76,91,6.35
405,Mabaruma,GY,2022-04-18 04:30:33,8.2,-59.7833,72.36,94,26,2.8
406,Quibor,VE,2022-04-18 04:30:34,9.9287,-69.6201,69.42,86,100,4.74
407,Madimba,TZ,2022-04-18 04:30:34,-10.4,40.3333,76.51,92,67,9.35
408,Chikwawa,MW,2022-04-18 04:31:35,-16.0335,34.8009,72.45,93,65,2.8
409,Gien,FR,2022-04-18 04:31:35,47.6933,2.6309,43.29,81,96,1.95
410,San Borja,BO,2022-04-18 04:31:36,-14.8167,-66.85,65.44,87,0,4.09
411,Talnakh,RU,2022-04-18 04:31:36,69.4865,88.3972,7.21,88,100,5.82
412,Americus,US,2022-04-18 04:30:27,32.0724,-84.2327,68.13,94,100,0.0
413,Padang,ID,2022-04-18 04:31:37,-0.9492,100.3543,78.85,73,99,3.4
414,Trairi,BR,2022-04-18 04:31:37,-3.2778,-39.2689,76.33,88,72,2.86
415,Manzhouli,CN,2022-04-18 04:31:38,49.6,117.4333,63.9,29,97,20.71
416,Buraydah,SA,2022-04-18 04:31:38,26.326,43.975,70.25,13,23,8.99
417,Bud,US,2022-04-18 04:31:39,39.447,-86.1758,46.42,58,98,8.63
418,Kardla,EE,2022-04-18 04:31:39,58.9978,22.7492,26.58,93,0,0.0
419,Nyurba,RU,2022-04-18 04:31:40,63.2842,118.3319,35.11,93,99,11.68
420,Primorsko,BG,2022-04-18 04:31:40,42.2667,27.7667,41.47,97,100,19.26
421,Chapais,CA,2022-04-18 04:31:40,49.7834,-74.8492,24.58,95,61,7.31
422,Parsabad,IR,2022-04-18 04:31:41,39.6482,47.9174,46.72,93,75,6.91
423,Lagoa,PT,2022-04-18 04:31:41,39.05,-27.9833,56.66,66,29,15.1
424,Great Yarmouth,GB,2022-04-18 04:31:42,52.6083,1.7305,45.95,85,38,7.09
425,Sao Filipe,CV,2022-04-18 04:31:43,14.8961,-24.4956,70.7,78,22,1.32
426,Tomakomai,JP,2022-04-18 04:29:17,42.6369,141.6033,54.18,47,75,18.41
427,Dawson Creek,CA,2022-04-18 04:28:55,55.7666,-120.2362,22.64,80,100,8.05
428,San Felice Sul Panaro,IT,2022-04-18 04:31:44,44.8332,11.1426,44.06,71,6,1.99
429,Tamiahua,MX,2022-04-18 04:31:44,21.2667,-97.45,74.84,96,7,3.33
430,Ewa Beach,US,2022-04-18 04:28:55,21.3156,-158.0072,78.75,63,75,17.27
431,Port Blair,IN,2022-04-18 04:31:45,11.6667,92.75,87.84,70,20,6.91
432,Baykit,RU,2022-04-18 04:31:46,61.67,96.37,28.92,63,99,14.41
433,Jimo,CN,2022-04-18 04:31:46,36.3897,120.4622,69.58,26,0,6.71
434,Fort Nelson,CA,2022-04-18 04:30:20,58.8053,-122.7002,17.19,57,40,0.0
435,Vangaindrano,MG,2022-04-18 04:31:47,-23.35,47.6,76.15,82,70,4.21
436,Qinzhou,CN,2022-04-18 04:31:47,21.95,108.6167,59.5,87,100,15.88
437,Tura,IN,2022-04-18 04:29:45,25.5198,90.2201,82.81,64,35,5.32
438,Pangnirtung,CA,2022-04-18 04:31:48,66.1451,-65.7125,-9.49,100,100,3.31
439,Sinnamary,GF,2022-04-18 04:31:48,5.3833,-52.95,77.07,86,81,8.34
440,Lebowakgomo,ZA,2022-04-18 04:31:49,-24.2,29.5,58.1,91,78,1.61
441,Menongue,AO,2022-04-18 04:31:49,-14.6585,17.691,60.42,97,21,4.09
442,Luderitz,NA,2022-04-18 04:31:50,-26.6481,15.1594,68.41,53,0,6.91
443,Colares,PT,2022-04-18 04:31:50,38.7992,-9.4469,59.29,77,55,25.99
444,Zarand,IR,2022-04-18 04:31:51,30.8127,56.564,58.87,36,36,5.17
445,Apricena,IT,2022-04-18 04:31:51,41.7839,15.4437,49.82,57,97,17.0
446,Ucluelet,CA,2022-04-18 04:30:23,48.9329,-125.5528,51.1,56,100,1.01
447,Turukhansk,RU,2022-04-18 04:31:52,65.8167,87.9833,16.57,84,100,13.87
448,Pimentel,PE,2022-04-18 04:31:52,-6.8367,-79.9342,66.07,87,34,11.39
449,Beaupre,CA,2022-04-18 04:31:53,47.0443,-70.8953,36.41,60,44,6.91
450,Khani,GE,2022-04-18 04:31:54,41.9563,42.9566,58.57,50,95,7.54
451,Antofagasta,CL,2022-04-18 04:31:54,-23.65,-70.4,58.28,82,51,4.32
452,Sola,VU,2022-04-18 04:31:54,-13.8833,167.55,82.76,70,12,10.2
453,Winneba,GH,2022-04-18 04:32:55,5.3511,-0.6231,78.71,87,98,9.06
454,Santiago Del Estero,AR,2022-04-18 04:32:56,-27.7951,-64.2615,60.03,70,0,7.16
455,Wanning,CN,2022-04-18 04:32:56,18.8003,110.3967,81.77,72,31,8.1
456,Noumea,NC,2022-04-18 04:32:57,-22.2763,166.4572,82.38,72,73,5.37
457,Susanville,US,2022-04-18 04:31:55,40.4163,-120.653,39.67,52,10,3.0
458,Tucuman,AR,2022-04-18 04:30:19,-26.8241,-65.2226,55.4,94,0,5.75
459,Langham,CA,2022-04-18 04:32:58,52.3668,-106.9679,28.24,73,13,2.17
460,Kawhia,NZ,2022-04-18 04:32:58,-38.0651,174.8183,59.29,92,100,13.73
461,Mentana,IT,2022-04-18 04:32:59,42.0349,12.6424,46.51,57,24,5.97
462,Nalut,LY,2022-04-18 04:32:59,30.3333,10.85,57.27,41,0,7.54
463,Shiyan,CN,2022-04-18 04:32:59,32.6475,110.7781,73.42,31,100,12.26
464,Roswell,US,2022-04-18 04:33:00,34.0232,-84.3616,64.96,89,40,0.0
465,Graaff-Reinet,ZA,2022-04-18 04:33:00,-32.2522,24.5308,52.68,82,55,1.54
466,Beya,RU,2022-04-18 04:33:01,53.0533,90.9139,65.16,29,99,14.85
467,Xunchang,CN,2022-04-18 04:33:01,28.4543,104.715,59.97,71,100,4.7
468,Akyab,MM,2022-04-18 04:33:02,20.15,92.9,87.85,64,34,10.71
469,Bubaque,GW,2022-04-18 04:33:03,11.2833,-15.8333,73.92,76,17,10.98
470,Lata,PT,2022-04-18 04:33:03,40.1629,-8.3327,58.82,97,51,2.13
471,Nata,PA,2022-04-18 04:33:04,8.3333,-80.5167,78.73,81,100,4.45
472,Fort Dodge,US,2022-04-18 04:31:51,42.4975,-94.168,32.13,100,75,8.05
473,Bayji,IQ,2022-04-18 04:33:05,34.9311,43.487,74.21,21,68,4.76
474,Hualmay,PE,2022-04-18 04:33:06,-11.0964,-77.6139,65.62,88,14,6.29
475,Bakaly,RU,2022-04-18 04:33:06,55.1789,53.8028,45.14,89,99,6.15
476,Kabanjahe,ID,2022-04-18 04:33:07,3.1001,98.4908,73.89,77,100,3.29
477,Songjianghe,CN,2022-04-18 04:33:07,42.1859,127.479,53.62,27,73,10.54
478,La Orilla,MX,2022-04-18 04:33:08,17.9833,-102.2333,72.03,75,86,4.68
479,Apozol,MX,2022-04-18 04:33:08,21.4833,-103.1,77.34,16,47,4.97
480,Mar Del Plata,AR,2022-04-18 04:30:09,-38.0023,-57.5575,60.87,93,0,11.99
481,Idritsa,RU,2022-04-18 04:33:09,56.3316,28.8988,36.14,70,79,6.46
482,Asfi,MA,2022-04-18 04:33:09,32.2994,-9.2372,62.06,84,99,12.21
483,Palmerston North,NZ,2022-04-18 04:32:21,-40.35,175.6167,66.51,76,100,11.01
484,Egvekinot,RU,2022-04-18 04:33:10,66.3167,-179.1667,26.4,96,100,9.06
485,Manama,BH,2022-04-18 04:33:11,26.2154,50.5832,78.78,34,0,9.22
486,Pangody,RU,2022-04-18 04:33:11,65.85,74.4859,20.3,85,99,13.49
487,Piopio,NZ,2022-04-18 04:33:12,-38.4667,175.0167,55.53,98,100,5.99
488,Ilulissat,GL,2022-04-18 04:33:12,69.2167,-51.1,10.42,72,20,4.61
489,Nouadhibou,MR,2022-04-18 04:33:13,20.931,-17.0347,64.38,94,100,8.05
490,Kidal,ML,2022-04-18 04:33:13,18.4411,1.4078,70.52,25,12,9.37
491,Oranjestad,AW,2022-04-18 04:33:13,12.524,-70.027,78.51,86,100,24.36
492,San-Pedro,CI,2022-04-18 04:33:14,4.7485,-6.6363,76.75,86,100,2.33
493,Sokoni,TZ,2022-04-18 04:33:14,-6.4333,39.55,78.66,85,58,13.51
494,Las Varas,MX,2022-04-18 04:33:15,21.1667,-105.1667,72.7,57,69,2.75
495,Pacific Grove,US,2022-04-18 04:33:05,36.6177,-121.9166,52.25,82,0,6.91
496,Swan River,CA,2022-04-18 04:33:15,52.1058,-101.2676,24.69,58,100,2.3
497,Champasak,LA,2022-04-18 04:34:16,14.75,106.0,86.88,39,100,3.38
498,Olafsvik,IS,2022-04-18 04:34:16,64.8945,-23.7142,41.81,72,100,11.05
499,Alexandria,EG,2022-04-18 04:31:17,31.2156,29.9553,66.16,72,40,10.36
500,Pasni,PK,2022-04-18 04:34:17,25.2631,63.471,81.52,80,1,6.8
501,Merauke,ID,2022-04-18 04:34:17,-8.4667,140.3333,84.52,72,98,5.61
502,Leningradskiy,RU,2022-04-18 04:34:18,69.3833,178.4167,25.88,92,89,10.51
503,Asheville,US,2022-04-18 04:30:55,35.6009,-82.554,58.48,81,100,5.75
504,Ambon,ID,2022-04-18 04:34:19,-3.6954,128.1814,89.74,70,40,11.5
505,Tateyama,JP,2022-04-18 04:34:19,34.9833,139.8667,62.53,74,100,11.59
506,Bilma,NE,2022-04-18 04:31:52,18.6853,12.9164,74.62,20,22,10.74
507,Kamina,CD,2022-04-18 04:34:20,-8.7386,24.9906,63.73,95,17,3.76
508,Komsomolets,KZ,2022-04-18 04:34:20,53.7453,62.0708,49.41,45,96,6.02
509,Kaseda,JP,2022-04-18 04:34:21,31.4167,130.3167,65.48,56,98,6.78
510,Atherton,GB,2022-04-18 04:34:21,53.5237,-2.4935,49.21,86,41,1.99
511,Amga,RU,2022-04-18 04:34:22,60.8953,131.9608,38.52,57,58,9.91
512,Pallisa,UG,2022-04-18 04:34:22,1.145,33.7094,68.68,80,98,2.91
513,Ranfurly,NZ,2022-04-18 04:34:23,-45.1333,170.1,59.14,54,4,1.21
514,Bolshoy Lug,RU,2022-04-18 04:34:23,52.0779,104.0919,71.78,41,71,3.06
515,Suntar,RU,2022-04-18 04:34:23,62.1444,117.6319,38.46,72,100,13.29
516,Bundaberg,AU,2022-04-18 04:32:11,-24.85,152.35,81.21,55,22,10.36
517,Bonaventure,CA,2022-04-18 04:34:24,48.0457,-65.4926,39.78,87,100,8.05
518,Port Augusta,AU,2022-04-18 04:34:25,-32.5,137.7667,70.72,56,100,15.97
519,Dauriya,RU,2022-04-18 04:34:25,49.9333,116.8667,64.56,27,91,19.91
520,Pervomayskiy,RU,2022-04-18 04:34:25,53.2485,40.2871,35.92,96,100,11.32
521,Padra,IN,2022-04-18 04:34:26,22.2333,73.0833,87.89,58,0,4.61
522,Itoman,JP,2022-04-18 04:34:26,26.1247,127.6694,74.17,65,75,9.22
523,Tarrega,ES,2022-04-18 04:34:27,41.647,1.1396,51.58,77,99,0.98
524,Boone,US,2022-04-18 04:34:27,39.0334,-92.3335,38.25,92,100,7.0
525,Ahvaz,IR,2022-04-18 04:34:28,31.3203,48.6693,69.75,28,100,4.61
526,Quelimane,MZ,2022-04-18 04:34:28,-17.8786,36.8883,76.95,94,40,3.44
527,Umm Lajj,SA,2022-04-18 04:32:13,25.0213,37.2685,88.45,20,45,5.26
528,Pitimbu,BR,2022-04-18 04:34:29,-7.4706,-34.8086,77.59,78,93,7.05
529,Uvira,CD,2022-04-18 04:34:30,-3.4067,29.1458,72.79,83,82,4.12
530,Mancio Lima,BR,2022-04-18 04:34:30,-7.6142,-72.8958,75.27,100,0,0.0
531,Chuguyevka,RU,2022-04-18 04:34:30,44.1653,133.8633,50.02,24,59,8.43
532,Woodstock,CA,2022-04-18 04:31:17,43.1334,-80.7497,31.12,79,12,5.99
533,Sigli,ID,2022-04-18 04:34:31,5.3848,95.9609,85.78,67,92,5.17
534,Matadi,CD,2022-04-18 04:34:32,-5.8167,13.45,75.96,98,99,1.23
535,Nuevo Progreso,MX,2022-04-18 04:34:32,23.1667,-97.95,75.54,71,42,1.79
536,Camabatela,AO,2022-04-18 04:34:33,-8.1881,15.375,61.21,92,91,3.6
537,Guiratinga,BR,2022-04-18 04:34:33,-16.3494,-53.7583,62.49,59,100,4.65
538,Nome,US,2022-04-18 04:34:34,64.5011,-165.4064,33.87,75,100,13.8
539,Gusau,NG,2022-04-18 04:34:34,12.1628,6.6614,79.48,60,98,9.51
540,Benito Juarez,MX,2022-04-18 04:34:35,19.385,-99.165,75.99,24,75,8.05
541,Moron,AR,2022-04-18 04:34:35,-34.6534,-58.6198,65.97,81,100,5.7
542,Araceli,PH,2022-04-18 04:34:36,10.5529,119.9913,83.52,72,76,14.38
543,Bhadasar,IN,2022-04-18 04:34:36,28.2833,74.3167,101.77,12,2,14.81
544,Villa Rica,US,2022-04-18 04:32:05,33.7321,-84.9191,64.22,96,100,4.27
545,Carahue,CL,2022-04-18 04:35:37,-38.7,-73.1667,48.15,91,4,0.54
546,Lisakovsk,KZ,2022-04-18 04:35:38,52.5369,62.4936,51.96,44,93,6.08
547,Coffs Harbour,AU,2022-04-18 04:33:48,-30.3,153.1333,76.96,53,8,10.36
548,Tarakan,ID,2022-04-18 04:35:39,3.3,117.6333,83.17,73,95,7.2
549,Robertsganj,IN,2022-04-18 04:35:39,24.7,83.0667,103.66,6,0,9.22
550,San Jeronimo,PE,2022-04-18 04:35:39,-11.9472,-75.2829,44.74,88,39,2.66
551,Banjar,ID,2022-04-18 04:35:40,-8.19,114.9675,86.18,74,100,3.74
552,Bergama,TR,2022-04-18 04:35:40,39.1207,27.1805,50.02,93,98,9.33
553,Qinhuangdao,CN,2022-04-18 04:35:41,39.9317,119.5883,64.53,30,27,12.17
554,Hamilton,US,2022-04-18 04:33:41,39.1834,-84.5333,45.43,55,0,5.01
555,Opuwo,NA,2022-04-18 04:35:42,-18.0607,13.84,67.48,39,38,6.04
556,Lianran,CN,2022-04-18 04:35:42,24.9227,102.485,48.74,50,50,5.17
557,Sobolevo,RU,2022-04-18 04:35:42,54.4299,31.8996,32.23,91,100,15.1
558,Pringsewu,ID,2022-04-18 04:35:43,-5.3582,104.9744,91.38,49,69,3.85
