City_ID,City,Country,Date,Lat,Lng,Conditions,Max Temp,Humidity,Cloudiness,Wind Speed
0,Ushuaia,AR,2022-04-26 22:33:37,-54.8,-68.3,broken clouds,38.86,87,75,12.66
1,Tasiilaq,GL,2022-04-26 22:35:52,65.6145,-37.6368,overcast clouds,32.16,95,91,4.03
2,Qaanaaq,GL,2022-04-26 22:35:53,77.484,-69.3632,broken clouds,13.21,75,67,5.88
3,Bluff,NZ,2022-04-26 22:35:54,-46.6,168.3333,broken clouds,52.81,78,83,8.93
4,Pacific Grove,US,2022-04-26 22:35:54,36.6177,-121.9166,clear sky,72.01,70,0,17.0
5,Bethel,US,2022-04-26 22:35:54,41.3712,-73.414,overcast clouds,57.07,91,100,4.61
6,Hobart,AU,2022-04-26 22:31:48,-42.8794,147.3294,broken clouds,50.27,94,75,6.91
7,Castro,BR,2022-04-26 22:35:55,-24.7911,-50.0119,scattered clouds,64.18,92,30,4.92
8,Albany,US,2022-04-26 22:33:33,42.6001,-73.9662,overcast clouds,53.38,90,100,4.56
9,Kapaa,US,2022-04-26 22:34:24,22.0752,-159.319,light rain,80.58,84,100,12.66
10,Johnstown,US,2022-04-26 22:31:00,40.3267,-78.922,broken clouds,55.38,79,75,9.22
11,Sangin,AF,2022-04-26 22:35:56,32.0728,64.8359,few clouds,77.02,14,15,2.1
12,Sao Miguel Do Araguaia,BR,2022-04-26 22:35:56,-13.275,-50.1628,clear sky,75.63,59,0,4.38
13,Rikitea,PF,2022-04-26 22:33:57,-23.1203,-134.9692,overcast clouds,78.22,69,100,20.49
14,Mataura,NZ,2022-04-26 22:35:57,-46.1927,168.8643,overcast clouds,52.48,97,96,2.86
15,Saint George,US,2022-04-26 22:33:44,37.1041,-113.5841,clear sky,86.63,7,0,14.97
16,Iqaluit,CA,2022-04-26 22:35:58,63.7506,-68.5145,scattered clouds,10.13,56,40,14.97
17,Georgetown,MY,2022-04-26 22:32:56,5.4112,100.3354,thunderstorm,80.53,99,20,3.44
18,Busselton,AU,2022-04-26 22:35:58,-33.65,115.3333,scattered clouds,55.11,89,40,7.07
19,San Patricio,US,2022-04-26 22:35:59,28.017,-97.5169,overcast clouds,76.89,70,100,10.09
20,Dingle,PH,2022-04-26 22:35:59,10.9995,122.6711,overcast clouds,79.5,86,100,7.61
21,Kavieng,PG,2022-04-26 22:35:59,-2.5744,150.7967,light rain,84.6,73,5,14.63
22,Andenes,NO,2022-04-26 22:36:00,69.3143,16.1194,broken clouds,28.38,74,75,19.57
23,Arraial Do Cabo,BR,2022-04-26 22:36:00,-22.9661,-42.0278,clear sky,76.86,88,0,6.91
24,Hvolsvollur,IS,2022-04-26 22:36:01,63.7533,-20.2243,overcast clouds,44.28,81,99,2.24
25,Butaritari,KI,2022-04-26 22:36:01,3.0707,172.7902,light rain,81.05,83,46,18.45
26,Mbanza-Ngungu,CD,2022-04-26 22:36:01,-5.25,14.8667,moderate rain,67.93,98,100,4.14
27,Vega De Alatorre,MX,2022-04-26 22:36:02,20.0333,-96.6333,overcast clouds,81.16,68,91,11.16
28,Vaini,TO,2022-04-26 22:36:02,-21.2,-175.2,few clouds,78.96,65,20,14.97
29,Souillac,MU,2022-04-26 22:36:03,-20.5167,57.5167,scattered clouds,75.58,88,40,8.05
30,Khatanga,RU,2022-04-26 22:36:03,71.9667,102.5,overcast clouds,14.36,91,100,8.39
31,Airai,TL,2022-04-26 22:36:04,-8.9266,125.4092,broken clouds,63.79,77,81,1.19
32,Bambous Virieux,MU,2022-04-26 22:36:04,-20.3428,57.7575,light rain,75.45,88,40,8.05
33,Faanui,PF,2022-04-26 22:36:05,-16.4833,-151.75,light rain,82.58,72,22,18.32
34,Zhezkazgan,KZ,2022-04-26 22:36:05,47.8043,67.7144,broken clouds,50.76,40,67,2.3
35,Uige,AO,2022-04-26 22:36:05,-7.6087,15.0613,light rain,68.4,93,100,1.72
36,Pangkalanbuun,ID,2022-04-26 22:36:06,-2.6833,111.6167,overcast clouds,75.24,97,97,1.99
37,Buala,SB,2022-04-26 22:36:06,-8.145,159.5921,light rain,84.15,71,91,5.14
38,Jamestown,US,2022-04-26 22:36:07,42.097,-79.2353,overcast clouds,43.02,57,100,14.0
39,Contamana,PE,2022-04-26 22:36:07,-7.3333,-75.0167,broken clouds,82.99,65,73,2.98
40,Avarua,CK,2022-04-26 22:31:22,-21.2078,-159.775,scattered clouds,84.25,79,40,9.22
41,Solnechnyy,RU,2022-04-26 22:36:08,50.7214,136.6319,snow,26.56,93,100,12.75
42,Hilo,US,2022-04-26 22:36:08,19.7297,-155.09,overcast clouds,86.29,81,100,16.11
43,Punta Arenas,CL,2022-04-26 22:36:09,-53.15,-70.9167,scattered clouds,39.31,65,40,8.05
44,New Norfolk,AU,2022-04-26 22:36:09,-42.7826,147.0587,overcast clouds,49.91,90,100,1.97
45,San Andres,CO,2022-04-26 22:34:14,12.5847,-81.7006,scattered clouds,82.42,78,40,12.66
46,Luderitz,NA,2022-04-26 22:36:10,-26.6481,15.1594,clear sky,65.43,44,0,8.72
47,Mar Del Plata,AR,2022-04-26 22:37:10,-38.0023,-57.5575,thunderstorm with light rain,64.87,95,75,8.99
48,Hasaki,JP,2022-04-26 22:37:11,35.7333,140.8333,light rain,72.28,89,100,21.99
49,Upernavik,GL,2022-04-26 22:37:11,72.7868,-56.1549,overcast clouds,25.57,81,92,5.99
50,Port Elizabeth,ZA,2022-04-26 22:33:05,-33.918,25.5701,clear sky,59.29,77,0,6.91
51,Dikson,RU,2022-04-26 22:37:12,73.5069,80.5464,overcast clouds,3.58,96,94,8.81
52,Chapais,CA,2022-04-26 22:37:12,49.7834,-74.8492,overcast clouds,31.78,85,100,7.49
53,Alice Springs,AU,2022-04-26 22:37:13,-23.7,133.8833,broken clouds,62.15,67,76,5.75
54,Narok,KE,2022-04-26 22:37:13,-1.0783,35.8601,overcast clouds,57.18,94,100,3.85
55,Askarovo,RU,2022-04-26 22:37:14,53.3372,58.5089,scattered clouds,47.35,61,40,11.18
56,Chuy,UY,2022-04-26 22:37:14,-33.6971,-53.4616,scattered clouds,68.92,86,48,12.1
57,Port Alfred,ZA,2022-04-26 22:37:15,-33.5906,26.891,few clouds,58.17,91,14,1.01
58,Manuk Mangkaw,PH,2022-04-26 22:37:15,4.8,119.85,overcast clouds,81.34,81,100,10.18
59,Faya,SA,2022-04-26 22:37:16,18.3851,42.4509,scattered clouds,55.51,41,30,3.58
60,Hermanus,ZA,2022-04-26 22:37:16,-34.4187,19.2345,clear sky,56.79,77,0,9.22
61,Samarai,PG,2022-04-26 22:37:16,-10.6167,150.6667,overcast clouds,83.3,72,100,3.44
62,Port Moresby,PG,2022-04-26 22:37:17,-9.4431,147.1797,scattered clouds,78.22,94,40,2.3
63,East London,ZA,2022-04-26 22:37:17,-33.0153,27.9116,clear sky,60.57,79,3,10.94
64,Hit,IQ,2022-04-26 22:37:18,33.6416,42.8251,clear sky,72.19,50,1,5.46
65,Port Hardy,CA,2022-04-26 22:37:19,50.6996,-127.4199,overcast clouds,46.58,71,100,11.5
66,Cabedelo,BR,2022-04-26 22:33:55,-6.9811,-34.8339,few clouds,77.67,75,16,13.47
67,Lompoc,US,2022-04-26 22:37:19,34.6391,-120.4579,clear sky,66.85,70,0,28.99
68,Caravelas,BR,2022-04-26 22:37:20,-17.7125,-39.2481,clear sky,75.76,81,0,5.3
69,Anzhero-Sudzhensk,RU,2022-04-26 22:37:20,56.081,86.0285,few clouds,31.86,83,19,4.5
70,Ayan,RU,2022-04-26 22:37:21,56.45,138.1667,overcast clouds,31.01,75,100,6.58
71,Challapata,BO,2022-04-26 22:37:21,-18.9,-66.7667,clear sky,50.63,22,8,1.48
72,Sumenep,ID,2022-04-26 22:37:22,-7.0167,113.8667,overcast clouds,80.38,81,100,3.42
73,Bredasdorp,ZA,2022-04-26 22:37:22,-34.5322,20.0403,clear sky,54.91,78,1,2.98
74,Atuona,PF,2022-04-26 22:37:23,-9.8,-139.0333,light rain,78.87,76,17,20.54
75,Changping,CN,2022-04-26 22:37:23,40.2186,116.2197,broken clouds,55.04,18,52,0.56
76,Te Anau,NZ,2022-04-26 22:37:24,-45.4167,167.7167,broken clouds,50.83,77,65,1.59
77,Bulaevo,KZ,2022-04-26 22:37:24,54.9056,70.4439,clear sky,47.89,51,6,5.14
78,Victoria,HK,2022-04-26 22:36:04,22.2855,114.1577,clear sky,82.18,87,4,4.0
79,Kodiak,US,2022-04-26 22:37:25,57.79,-152.4072,broken clouds,45.91,61,75,5.75
80,Virginia Beach,US,2022-04-26 22:37:02,36.8529,-75.978,broken clouds,73.0,70,75,20.71
81,Codrington,AU,2022-04-26 22:37:25,-38.2667,141.9667,overcast clouds,59.88,81,100,7.11
82,Saint Anthony,US,2022-04-26 22:37:26,45.0205,-93.218,few clouds,45.14,45,20,10.36
83,Narsaq,GL,2022-04-26 22:37:26,60.9167,-46.05,overcast clouds,41.22,82,100,0.72
84,Malinovoye Ozero,RU,2022-04-26 22:37:27,51.6753,79.7825,scattered clouds,45.34,55,45,2.98
85,Finschhafen,PG,2022-04-26 22:37:27,-6.6024,147.8681,scattered clouds,84.33,73,29,4.14
86,Barrow,US,2022-04-26 22:37:28,71.2906,-156.7887,light snow,10.42,79,100,13.8
87,Ylojarvi,FI,2022-04-26 22:37:28,61.5563,23.5961,clear sky,30.94,53,0,3.44
88,Geraldton,AU,2022-04-26 22:37:28,-28.7667,114.6,broken clouds,64.81,82,75,18.41
89,Sabaudia,IT,2022-04-26 22:37:29,41.3003,13.0282,clear sky,57.45,91,0,7.54
90,Naze,JP,2022-04-26 22:38:29,28.3667,129.4833,light rain,72.52,80,100,13.38
91,Cockburn Town,TC,2022-04-26 22:35:38,21.4612,-71.1419,clear sky,76.69,68,1,17.92
92,Dunedin,NZ,2022-04-26 22:38:30,-45.8742,170.5036,overcast clouds,53.8,90,92,11.01
93,Saldanha,ZA,2022-04-26 22:38:30,-33.0117,17.9442,clear sky,51.85,82,0,13.47
94,Norman Wells,CA,2022-04-26 22:38:31,65.282,-126.8329,scattered clouds,42.84,52,40,11.5
95,Tuatapere,NZ,2022-04-26 22:38:31,-46.1333,167.6833,overcast clouds,54.66,83,87,6.29
96,Nishihara,JP,2022-04-26 22:38:31,26.1842,127.7558,broken clouds,78.85,94,75,13.8
97,Huilong,CN,2022-04-26 22:38:32,31.8111,121.655,broken clouds,61.93,85,84,14.36
98,Japura,ID,2022-04-26 22:38:32,-0.3167,102.35,overcast clouds,75.16,98,97,0.83
99,Khartoum,SD,2022-04-26 22:38:33,15.5518,32.5324,broken clouds,86.02,26,54,7.83
100,Nanortalik,GL,2022-04-26 22:38:33,60.1432,-45.2371,overcast clouds,36.34,86,100,7.85
101,Kawalu,ID,2022-04-26 22:38:34,-7.3817,108.2082,overcast clouds,72.1,97,100,3.33
102,Puerto Ayora,EC,2022-04-26 22:38:34,-0.7393,-90.3518,broken clouds,78.76,77,74,6.55
103,Aklavik,CA,2022-04-26 22:38:34,68.2191,-135.0107,broken clouds,31.15,90,79,6.91
104,Mapiripan,CO,2022-04-26 22:38:35,2.8892,-72.1256,broken clouds,76.93,87,71,3.09
105,Ranong,TH,2022-04-26 22:38:35,9.9658,98.6348,broken clouds,79.32,84,56,0.4
106,Sula,PH,2022-04-26 22:38:36,15.4573,120.3955,few clouds,79.09,77,16,2.51
107,Ahipara,NZ,2022-04-26 22:38:36,-35.1667,173.1667,overcast clouds,64.89,62,97,8.08
108,Noumea,NC,2022-04-26 22:38:37,-22.2763,166.4572,overcast clouds,76.98,56,99,10.25
109,Touros,BR,2022-04-26 22:38:37,-5.1989,-35.4608,clear sky,79.36,77,4,13.89
110,Marsaxlokk,MT,2022-04-26 22:38:37,35.8419,14.5431,smoke,64.08,94,85,4.61
111,Saskylakh,RU,2022-04-26 22:38:38,71.9167,114.0833,overcast clouds,9.61,89,99,3.2
112,Mucurapo,TT,2022-04-26 22:38:38,10.6667,-61.5333,overcast clouds,80.65,82,100,4.74
113,Saint-Pierre,RE,2022-04-26 22:38:39,-21.3393,55.4781,clear sky,73.08,72,0,8.05
114,Flin Flon,CA,2022-04-26 22:38:39,54.7682,-101.865,clear sky,35.44,35,0,9.22
115,Waddan,LY,2022-04-26 22:38:40,29.1614,16.139,overcast clouds,75.29,26,86,23.98
116,Tucurui,BR,2022-04-26 22:38:40,-3.7661,-49.6725,moderate rain,76.01,89,100,2.62
117,Tuktoyaktuk,CA,2022-04-26 22:38:40,69.4541,-133.0374,broken clouds,15.8,92,75,5.75
118,Belmonte,BR,2022-04-26 22:38:41,-15.8631,-38.8828,scattered clouds,77.05,80,27,8.88
119,Kaitangata,NZ,2022-04-26 22:38:41,-46.2817,169.8464,overcast clouds,53.46,83,89,6.2
120,Polunochnoye,RU,2022-04-26 22:38:42,60.8697,60.4153,overcast clouds,43.88,97,100,4.14
121,Cotia,BR,2022-04-26 22:38:42,-23.6704,-46.9472,broken clouds,75.83,85,80,1.57
122,Cabra,ES,2022-04-26 22:38:42,37.4725,-4.4421,overcast clouds,57.61,65,100,2.26
123,Qaqortoq,GL,2022-04-26 22:38:43,60.7167,-46.0333,overcast clouds,37.38,81,100,1.72
124,Akyab,MM,2022-04-26 22:38:44,20.15,92.9,few clouds,79.97,86,14,3.04
125,Atascadero,US,2022-04-26 22:38:44,35.4894,-120.6707,overcast clouds,76.5,42,100,5.01
126,Belur,IN,2022-04-26 22:38:44,13.1667,75.8667,scattered clouds,73.31,73,28,1.63
127,Port Pirie,AU,2022-04-26 22:38:45,-33.1833,138.0167,scattered clouds,55.49,80,44,4.29
128,Gamba,GA,2022-04-26 22:38:45,-2.65,10.0,light rain,77.79,90,91,4.25
129,Zhuhai,CN,2022-04-26 22:38:46,22.2769,113.5678,scattered clouds,80.38,94,40,4.61
130,Cayenne,GF,2022-04-26 22:38:46,4.9333,-52.3333,few clouds,82.09,1,20,2.3
131,Araguaina,BR,2022-04-26 22:38:46,-7.1911,-48.2072,broken clouds,80.13,62,84,4.25
132,Ponta Do Sol,PT,2022-04-26 22:38:47,32.6667,-17.1,few clouds,61.72,68,16,3.8
133,Dakar,SN,2022-04-26 22:37:34,14.6937,-17.4441,clear sky,68.88,88,0,18.41
134,Broken Hill,AU,2022-04-26 22:38:48,-31.95,141.4333,overcast clouds,58.71,94,100,5.75
135,Carnarvon,AU,2022-04-26 22:39:48,-24.8667,113.6333,broken clouds,71.67,56,75,17.27
136,Pochutla,MX,2022-04-26 22:39:49,15.7432,-96.4661,broken clouds,85.82,57,75,7.9
137,Stepnoye,RU,2022-04-26 22:39:49,51.4,46.8667,overcast clouds,60.01,72,89,7.2
138,Lodja,CD,2022-04-26 22:39:49,-3.4833,23.4333,overcast clouds,67.3,99,99,2.3
139,Griffith,US,2022-04-26 22:39:50,41.5284,-87.4237,scattered clouds,53.15,50,40,12.66
140,Husavik,IS,2022-04-26 22:39:50,66.0449,-17.3389,overcast clouds,37.71,99,100,7.25
141,Hithadhoo,MV,2022-04-26 22:39:51,-0.6,73.0833,overcast clouds,84.63,72,97,6.91
142,Kavaratti,IN,2022-04-26 22:39:51,10.5669,72.642,few clouds,84.69,73,19,6.8
143,Torbay,CA,2022-04-26 22:35:30,47.6666,-52.7314,fog,37.76,93,100,11.99
144,Shirgaon,IN,2022-04-26 22:39:52,19.7,72.7,clear sky,81.5,73,0,5.66
145,Vila Franca Do Campo,PT,2022-04-26 22:39:52,37.7167,-25.4333,scattered clouds,63.01,91,39,8.75
146,Santa Rosa,PH,2022-04-26 22:38:59,14.3122,121.1114,scattered clouds,83.01,78,39,9.44
147,Cape Town,ZA,2022-04-26 22:35:45,-33.9258,18.4232,clear sky,60.28,73,0,13.0
148,Praia Da Vitoria,PT,2022-04-26 22:39:53,38.7333,-27.0667,few clouds,62.85,88,20,18.48
149,Hay River,CA,2022-04-26 22:39:53,60.8156,-115.7999,broken clouds,49.96,57,75,6.91
150,Saint-Philippe,RE,2022-04-26 22:39:54,-21.3585,55.7679,light rain,72.99,83,39,7.99
151,Kemijarvi,FI,2022-04-26 22:39:54,66.7131,27.4306,broken clouds,20.89,70,83,4.34
152,Cherskiy,RU,2022-04-26 22:39:55,68.75,161.3,overcast clouds,32.32,90,98,5.59
153,Vila Velha,BR,2022-04-26 22:38:08,-20.3297,-40.2925,few clouds,78.75,91,20,2.3
154,Ribeira Grande,PT,2022-04-26 22:39:56,38.5167,-28.7,broken clouds,63.12,91,61,24.32
155,Aktash,RU,2022-04-26 22:39:56,50.3,87.7333,light snow,23.54,93,100,3.42
156,Mulege,MX,2022-04-26 22:39:56,26.8833,-111.9833,clear sky,85.15,23,1,8.48
157,San Martin,AR,2022-04-26 22:39:57,-33.081,-68.4681,clear sky,81.14,11,0,31.61
158,Cravo Norte,CO,2022-04-26 22:39:57,6.3017,-70.2041,light rain,85.8,60,99,5.68
159,Laguna,US,2022-04-26 22:37:49,38.421,-121.4238,clear sky,80.89,37,0,8.05
160,Yellowknife,CA,2022-04-26 22:39:58,62.456,-114.3525,few clouds,46.92,46,20,9.22
161,Pingzhuang,CN,2022-04-26 22:39:58,42.0372,119.2889,broken clouds,44.96,26,65,8.57
162,Paamiut,GL,2022-04-26 22:39:59,61.994,-49.6678,snow,35.13,92,100,24.54
163,Clarence Town,AU,2022-04-26 22:35:06,-32.5833,151.7833,overcast clouds,68.86,94,95,1.86
164,Tiksi,RU,2022-04-26 22:40:00,71.6872,128.8694,broken clouds,4.59,93,51,0.76
165,Tual,ID,2022-04-26 22:40:00,-5.6667,132.75,overcast clouds,83.75,73,99,5.59
166,Esperance,AU,2022-04-26 22:40:01,-33.8667,121.9,scattered clouds,58.84,64,41,5.64
167,Inta,RU,2022-04-26 22:40:01,66.0317,60.1659,overcast clouds,38.84,90,100,19.69
168,Ipixuna,BR,2022-04-26 22:40:01,-1.7625,-48.8043,moderate rain,74.23,98,100,1.05
169,Sao Joao Da Barra,BR,2022-04-26 22:40:02,-21.6403,-41.0511,clear sky,75.51,89,10,7.29
170,Lima,PE,2022-04-26 22:35:50,-12.0432,-77.0282,clear sky,66.45,73,0,14.97
171,Gordeyevka,RU,2022-04-26 22:40:03,52.9569,31.9703,light rain,47.55,82,100,6.78
172,Xining,CN,2022-04-26 22:39:11,36.6167,101.7667,scattered clouds,51.26,47,45,3.29
173,Havoysund,NO,2022-04-26 22:40:03,70.9963,24.6622,light snow,19.63,74,100,26.11
174,Gat,IL,2022-04-26 22:40:04,31.61,34.7642,overcast clouds,74.39,63,90,4.72
175,Slave Lake,CA,2022-04-26 22:38:53,55.2834,-114.769,scattered clouds,51.78,40,40,12.66
176,Kasongo-Lunda,CD,2022-04-26 22:40:04,-6.4667,16.8167,overcast clouds,70.99,97,100,1.36
177,Kattivakkam,IN,2022-04-26 22:40:05,13.2167,80.3167,overcast clouds,84.29,89,86,10.07
178,Lexington Park,US,2022-04-26 22:40:06,38.2668,-76.4538,overcast clouds,64.08,84,100,0.0
179,Maniitsoq,GL,2022-04-26 22:40:06,65.4167,-52.9,snow,32.45,98,100,32.77
180,Mount Gambier,AU,2022-04-26 22:40:07,-37.8333,140.7667,overcast clouds,58.91,88,100,5.75
181,Capinopolis,BR,2022-04-26 22:37:28,-18.6819,-49.5697,few clouds,80.17,43,19,8.1
182,Maragogi,BR,2022-04-26 22:40:07,-9.0122,-35.2225,clear sky,77.92,76,3,9.53
183,Chokurdakh,RU,2022-04-26 22:41:08,70.6333,147.9167,overcast clouds,11.98,93,100,8.32
184,Mount Pleasant,US,2022-04-26 22:38:55,32.7941,-79.8626,broken clouds,75.0,83,75,8.05
185,Fortuna,US,2022-04-26 22:41:08,40.5982,-124.1573,clear sky,58.93,61,0,17.27
186,Doka,SD,2022-04-26 22:41:09,13.5167,35.7667,overcast clouds,87.73,18,100,6.26
187,Katobu,ID,2022-04-26 22:41:09,-4.9408,122.5276,overcast clouds,76.51,93,86,2.64
188,Mashhad,IR,2022-04-26 22:40:03,36.297,59.6062,clear sky,66.34,55,0,6.91
189,Esmeraldas,BR,2022-04-26 22:41:10,-19.7625,-44.3139,broken clouds,76.24,80,84,5.01
190,Grindavik,IS,2022-04-26 22:41:10,63.8424,-22.4338,broken clouds,42.75,87,75,3.44
191,Liberia,LR,2022-04-26 22:41:11,6.5,-9.5,overcast clouds,75.15,93,100,3.51
192,Cheyenne,US,2022-04-26 22:41:11,41.14,-104.8203,clear sky,66.97,14,0,17.0
193,Kahului,US,2022-04-26 22:41:12,20.8947,-156.47,few clouds,84.22,61,20,24.16
194,Yerbogachen,RU,2022-04-26 22:41:12,61.2767,108.0108,scattered clouds,28.54,85,50,7.43
195,Nikolskoye,RU,2022-04-26 22:41:13,59.7035,30.7861,overcast clouds,36.81,86,89,6.22
196,Tautira,PF,2022-04-26 22:41:13,-17.7333,-149.15,light rain,81.01,74,34,22.17
197,Opuwo,NA,2022-04-26 22:41:13,-18.0607,13.84,clear sky,66.69,43,5,3.53
198,Lexington,US,2022-04-26 22:36:18,37.9887,-84.4777,clear sky,58.89,44,0,12.66
199,Bengkulu,ID,2022-04-26 22:41:14,-3.8004,102.2655,scattered clouds,76.53,89,46,3.69
200,Missoula,US,2022-04-26 22:41:15,47.0166,-113.8009,overcast clouds,45.0,78,91,9.69
201,Zhigansk,RU,2022-04-26 22:41:15,66.7697,123.3711,scattered clouds,11.89,92,33,11.54
202,Tatarsk,RU,2022-04-26 22:41:16,55.219,75.9828,broken clouds,43.38,72,72,4.54
203,Pangnirtung,CA,2022-04-26 22:41:16,66.1451,-65.7125,clear sky,-2.2,71,0,0.0
204,Santiago De Chuco,PE,2022-04-26 22:41:17,-8.15,-78.1833,light rain,52.61,90,87,3.06
205,Kuhdasht,IR,2022-04-26 22:41:17,33.535,47.6061,clear sky,56.77,63,2,1.7
206,Ternate,ID,2022-04-26 22:41:17,0.8,127.4,broken clouds,81.61,78,83,4.27
207,Cap Malheureux,MU,2022-04-26 22:41:18,-19.9842,57.6142,few clouds,75.47,77,16,7.0
208,Traverse City,US,2022-04-26 22:38:32,44.7631,-85.6206,overcast clouds,35.83,76,100,9.22
209,Chase,CA,2022-04-26 22:37:49,50.8165,-119.6857,overcast clouds,58.08,54,100,0.94
210,Lata,PT,2022-04-26 22:41:19,40.1629,-8.3327,clear sky,49.44,96,1,1.74
211,Portland,US,2022-04-26 22:37:26,45.5234,-122.6762,broken clouds,57.24,76,75,9.22
212,Canon City,US,2022-04-26 22:41:19,38.441,-105.2424,clear sky,73.62,19,0,9.22
213,Muisne,EC,2022-04-26 22:41:20,0.6,-80.0333,light rain,77.76,87,98,9.91
214,Muros,ES,2022-04-26 22:41:20,42.7762,-9.0603,scattered clouds,53.83,93,39,6.85
215,Lagoa,PT,2022-04-26 22:41:21,39.05,-27.9833,broken clouds,61.38,89,65,23.47
216,Longyearbyen,SJ,2022-04-26 22:41:21,78.2186,15.6401,light shower snow,1.24,71,75,12.66
217,Cidreira,BR,2022-04-26 22:41:21,-30.1811,-50.2056,few clouds,71.19,91,24,10.31
218,Mombetsu,JP,2022-04-26 22:41:22,44.3525,143.3525,overcast clouds,49.87,83,100,4.0
219,Aksu,CN,2022-04-26 22:39:16,41.1231,80.2644,overcast clouds,61.14,18,88,7.92
220,Mackay,AU,2022-04-26 22:41:22,-21.15,149.2,scattered clouds,77.68,94,40,9.22
221,Borba,BR,2022-04-26 22:41:23,-4.3878,-59.5939,overcast clouds,78.28,85,99,2.33
222,Krasnoselkup,RU,2022-04-26 22:41:24,65.7,82.4667,broken clouds,15.78,88,66,9.82
223,Constitucion,CL,2022-04-26 22:37:14,-35.3333,-72.4167,scattered clouds,51.19,86,34,3.0
224,Rio Grande,BR,2022-04-26 22:41:24,-32.035,-52.0986,heavy intensity rain,71.71,89,60,17.45
225,Port Macquarie,AU,2022-04-26 22:37:12,-31.4333,152.9167,overcast clouds,66.88,80,98,4.41
226,Liverpool,GB,2022-04-26 22:41:25,53.4106,-2.9779,few clouds,48.09,73,20,11.5
227,Honningsvag,NO,2022-04-26 22:41:25,70.9821,25.9704,broken clouds,19.15,79,75,24.16
228,Udachnyy,RU,2022-04-26 22:41:26,66.4167,112.4,broken clouds,14.94,95,71,3.38
229,Coahuayana,MX,2022-04-26 22:42:26,18.7333,-103.6833,clear sky,85.55,48,0,6.71
230,Nuzvid,IN,2022-04-26 22:42:27,16.7833,80.85,clear sky,81.45,79,5,3.87
231,Beloha,MG,2022-04-26 22:42:27,-25.1667,45.05,overcast clouds,73.31,88,100,13.38
232,Mehamn,NO,2022-04-26 22:42:27,71.0357,27.8492,overcast clouds,17.55,93,100,26.46
233,Cabo San Lucas,MX,2022-04-26 22:42:28,22.8909,-109.9124,clear sky,89.62,55,0,8.7
234,Bay Roberts,CA,2022-04-26 22:42:28,47.5999,-53.2648,broken clouds,36.66,88,73,7.0
235,Canico,PT,2022-04-26 22:42:29,32.6333,-16.85,few clouds,61.72,77,20,5.75
236,Gebre Guracha,ET,2022-04-26 22:42:29,9.8,38.4,broken clouds,59.74,53,75,2.98
237,Lebu,CL,2022-04-26 22:42:30,-37.6167,-73.65,clear sky,49.86,81,7,8.34
238,Coihaique,CL,2022-04-26 22:41:02,-45.5752,-72.0662,light shower sleet,36.21,93,100,0.0
239,Bandarbeyla,SO,2022-04-26 22:42:30,9.4942,50.8122,scattered clouds,81.05,80,27,5.77
240,Mugur-Aksy,RU,2022-04-26 22:42:31,50.35,90.5,overcast clouds,28.54,61,100,1.72
241,Inhambane,MZ,2022-04-26 22:42:31,-23.865,35.3833,broken clouds,71.4,70,78,11.34
242,Port Lincoln,AU,2022-04-26 22:42:32,-34.7333,135.8667,few clouds,62.73,83,23,5.26
243,Pisco,PE,2022-04-26 22:42:32,-13.7,-76.2167,clear sky,69.85,73,0,20.71
244,Meulaboh,ID,2022-04-26 22:42:33,4.1363,96.1285,overcast clouds,75.13,82,100,3.18
245,Shimoda,JP,2022-04-26 22:42:33,34.6667,138.95,heavy intensity rain,67.87,95,100,16.17
246,Sakakah,SA,2022-04-26 22:42:34,29.9697,40.2064,scattered clouds,76.57,33,30,7.72
247,Manaquiri,BR,2022-04-26 22:42:34,-3.3167,-60.35,broken clouds,84.65,85,77,2.26
248,Deogarh,IN,2022-04-26 22:42:34,21.5333,84.7333,clear sky,75.31,78,3,0.65
249,Lucapa,AO,2022-04-26 22:42:35,-8.4192,20.7447,overcast clouds,66.7,95,100,1.48
250,Hambantota,LK,2022-04-26 22:42:35,6.1241,81.1185,overcast clouds,79.9,82,85,2.28
251,Maceio,BR,2022-04-26 22:39:19,-9.6658,-35.7353,few clouds,76.44,83,20,2.3
252,Galesong,ID,2022-04-26 22:42:36,-5.3166,119.3661,overcast clouds,75.22,81,100,5.48
253,Coalinga,US,2022-04-26 22:42:36,36.1397,-120.3602,overcast clouds,73.65,39,100,7.25
254,Ilulissat,GL,2022-04-26 22:42:37,69.2167,-51.1,overcast clouds,35.62,80,100,6.91
255,Sao Jose Da Coroa Grande,BR,2022-04-26 22:42:37,-8.8978,-35.1478,clear sky,78.28,75,5,9.69
256,Trinidad,BO,2022-04-26 22:42:38,-14.8333,-64.9,scattered clouds,89.58,66,26,3.44
257,Parabel,RU,2022-04-26 22:42:38,58.6978,81.4825,overcast clouds,37.67,99,99,5.77
258,Port Hawkesbury,CA,2022-04-26 22:42:38,45.6169,-61.3485,clear sky,48.72,77,0,9.22
259,Nouadhibou,MR,2022-04-26 22:42:39,20.931,-17.0347,clear sky,64.65,86,0,21.25
260,Acajutla,SV,2022-04-26 22:42:39,13.5928,-89.8275,broken clouds,85.66,65,60,8.32
261,Emba,KZ,2022-04-26 22:42:40,48.8264,58.1442,few clouds,52.59,44,15,5.73
262,Quatre Cocos,MU,2022-04-26 22:41:14,-20.2078,57.7625,light rain,75.31,81,36,9.4
263,Waipawa,NZ,2022-04-26 22:42:40,-41.4122,175.5153,few clouds,58.15,61,12,8.63
264,Kurchum,KZ,2022-04-26 22:41:21,48.5722,83.6542,overcast clouds,42.93,56,95,4.09
265,San Jeronimito,MX,2022-04-26 22:42:41,17.55,-101.3333,clear sky,85.86,44,9,5.86
266,Kourou,GF,2022-04-26 22:42:42,5.1552,-52.6478,overcast clouds,82.11,88,100,5.46
267,Luganville,VU,2022-04-26 22:42:42,-15.5333,167.1667,overcast clouds,81.36,77,97,12.59
268,Kaeo,NZ,2022-04-26 22:42:43,-35.1,173.7833,few clouds,64.33,78,15,4.36
269,Kloulklubed,PW,2022-04-26 22:42:43,7.0419,134.2556,heavy intensity rain,73.9,91,100,12.53
270,Borogontsy,RU,2022-04-26 22:42:43,62.6683,131.1683,broken clouds,22.42,82,71,3.42
271,Alberton,CA,2022-04-26 22:42:44,46.8168,-64.0654,light rain,50.13,74,100,11.32
272,Novyy Urengoy,RU,2022-04-26 22:42:44,66.0833,76.6333,overcast clouds,21.6,88,100,16.96
273,Camocim,BR,2022-04-26 22:42:45,-2.9022,-40.8411,broken clouds,76.51,90,83,9.48
274,Boyolangu,ID,2022-04-26 22:42:45,-8.1181,111.8935,overcast clouds,75.09,92,95,3.71
275,Marrakesh,MA,2022-04-26 22:43:45,31.6315,-8.0083,scattered clouds,64.47,48,40,6.91
276,Berlevag,NO,2022-04-26 22:43:46,70.8578,29.0864,light snow,17.6,70,100,32.26
277,Bonoua,CI,2022-04-26 22:43:46,5.2741,-3.595,light rain,82.02,91,93,5.39
278,Biltine,TD,2022-04-26 22:43:47,14.5333,20.9167,scattered clouds,89.38,14,48,5.08
279,Leshukonskoye,RU,2022-04-26 22:43:47,64.8989,45.7622,light snow,24.87,93,100,10.47
280,Yuzawa,JP,2022-04-26 22:43:47,39.1667,140.5,overcast clouds,53.28,92,100,11.63
281,Margate,GB,2022-04-26 22:39:35,51.3813,1.3862,broken clouds,47.7,77,56,4.0
282,Atar,MR,2022-04-26 22:43:48,20.5169,-13.0499,clear sky,74.5,31,0,9.86
283,Lorengau,PG,2022-04-26 22:43:48,-2.0226,147.2712,few clouds,83.35,80,24,10.04
284,Nauta,PE,2022-04-26 22:43:49,-4.5061,-73.5757,scattered clouds,78.4,83,38,2.95
285,Klaksvik,FO,2022-04-26 22:43:49,62.2266,-6.589,overcast clouds,34.72,67,97,5.06
286,Burnie,AU,2022-04-26 22:43:50,-41.0667,145.9167,moderate rain,58.33,79,100,11.7
287,Benghazi,LY,2022-04-26 22:43:50,32.1167,20.0667,scattered clouds,69.57,48,35,13.53
288,Santa Isabel,BR,2022-04-26 22:43:51,-23.3156,-46.2214,broken clouds,78.1,86,57,0.94
289,Vigrestad,NO,2022-04-26 22:43:51,58.5667,5.7,few clouds,43.97,88,18,4.92
290,Ploemeur,FR,2022-04-26 22:43:52,47.7333,-3.4333,clear sky,57.81,74,0,9.22
291,Nome,US,2022-04-26 22:43:52,64.5011,-165.4064,clear sky,43.16,80,0,6.91
292,Rovenki,UA,2022-04-26 22:43:52,48.0833,39.3776,overcast clouds,57.72,67,100,6.29
293,Asyut,EG,2022-04-26 22:43:53,27.181,31.1837,clear sky,82.58,24,3,11.97
294,Freeport,US,2022-04-26 22:43:53,40.6576,-73.5832,overcast clouds,61.25,78,100,10.36
295,San Quintin,MX,2022-04-26 22:43:54,30.4833,-115.95,overcast clouds,67.71,60,97,13.15
296,Oranjemund,NA,2022-04-26 22:43:54,-28.55,16.4333,clear sky,60.24,54,0,7.2
297,Broome,US,2022-04-26 22:43:55,42.2506,-75.833,light rain,53.62,85,100,10.36
298,Biograd Na Moru,HR,2022-04-26 22:43:55,43.9433,15.4519,scattered clouds,56.75,69,28,1.9
299,Laukaa,RU,2022-04-26 22:43:55,58.7372,29.8453,few clouds,32.13,86,19,5.37
300,Khani,GE,2022-04-26 22:43:56,41.9563,42.9566,overcast clouds,42.37,82,98,2.17
301,Poum,NC,2022-04-26 22:43:56,-20.2333,164.0167,overcast clouds,78.08,61,99,21.34
302,Srednekolymsk,RU,2022-04-26 22:43:57,67.45,153.6833,light snow,20.89,94,100,12.44
303,Kosonsoy,UZ,2022-04-26 22:43:57,41.2561,71.5508,overcast clouds,57.76,76,100,5.23
304,Tukrah,LY,2022-04-26 22:43:57,32.5341,20.5791,few clouds,66.65,47,21,12.82
305,Bridlington,GB,2022-04-26 22:43:58,54.0831,-0.1919,broken clouds,46.89,79,63,13.0
306,Vestmanna,FO,2022-04-26 22:43:58,62.1564,-7.1664,broken clouds,32.92,86,75,2.3
307,Vostok,RU,2022-04-26 22:43:59,46.4856,135.8833,snow,32.05,97,95,15.17
308,Los Llanos De Aridane,ES,2022-04-26 22:43:59,28.6585,-17.9182,few clouds,62.35,76,20,13.8
309,Nelson Bay,AU,2022-04-26 22:44:00,-32.7167,152.15,light rain,69.01,93,97,12.84
310,Roma,US,2022-04-26 22:44:00,43.2128,-75.4557,overcast clouds,51.94,67,100,7.0
311,Meadow Lake,US,2022-04-26 22:44:00,34.8014,-106.5436,broken clouds,75.61,17,74,18.34
312,Beringovskiy,RU,2022-04-26 22:44:01,63.05,179.3167,overcast clouds,32.32,99,100,8.14
313,Maldonado,UY,2022-04-26 22:44:01,-34.6667,-54.9167,broken clouds,72.23,85,56,15.95
314,Shache,CN,2022-04-26 22:44:02,38.4167,77.2406,broken clouds,58.71,16,73,3.62
315,Severo-Kurilsk,RU,2022-04-26 22:44:02,50.6789,156.125,broken clouds,32.83,83,56,0.43
316,Pevek,RU,2022-04-26 22:41:23,69.7008,170.3133,overcast clouds,34.27,63,99,20.42
317,Vila Do Maio,CV,2022-04-26 22:44:03,15.1333,-23.2167,broken clouds,72.39,78,62,21.3
318,Uren,RU,2022-04-26 22:44:03,57.4552,45.7852,light rain,47.1,91,97,4.16
319,Raudeberg,NO,2022-04-26 22:44:04,61.9875,5.1352,overcast clouds,39.87,75,100,21.97
320,Jinhua,CN,2022-04-26 22:44:04,29.1078,119.6547,overcast clouds,66.63,88,95,3.87
321,Hualmay,PE,2022-04-26 22:44:05,-11.0964,-77.6139,scattered clouds,68.5,84,42,9.71
322,Iquitos,PE,2022-04-26 22:44:05,-3.7481,-73.2472,scattered clouds,86.04,74,40,2.3
323,Sitka,US,2022-04-26 22:45:06,57.0531,-135.33,broken clouds,46.29,76,75,9.22
324,Palmas Bellas,PA,2022-04-26 22:45:06,9.2319,-80.0867,overcast clouds,84.25,81,100,5.26
325,Diapaga,BF,2022-04-26 22:45:07,12.0708,1.7889,scattered clouds,89.8,11,25,4.79
326,Champerico,GT,2022-04-26 22:45:07,14.3,-91.9167,few clouds,93.74,64,18,10.67
327,Siguiri,GN,2022-04-26 22:45:08,11.6667,-9.5,scattered clouds,88.65,16,32,2.35
328,Mehriz,IR,2022-04-26 22:45:08,31.5917,54.4318,overcast clouds,64.9,45,100,0.78
329,Sorland,NO,2022-04-26 22:45:09,67.667,12.6934,light snow,31.77,58,100,16.42
330,Savalou,BJ,2022-04-26 22:45:09,7.9281,1.9756,overcast clouds,79.61,78,100,7.67
331,Kodinsk,RU,2022-04-26 22:45:10,58.6881,99.1844,broken clouds,25.2,90,72,5.86
332,Pemangkat,ID,2022-04-26 22:45:10,1.1667,108.9667,overcast clouds,77.94,89,100,4.56
333,Perico,CU,2022-04-26 22:45:11,22.7692,-81.0189,scattered clouds,80.87,59,31,19.26
334,Ostersund,SE,2022-04-26 22:45:11,63.1792,14.6357,broken clouds,27.05,80,75,9.22
335,Lazaro Cardenas,MX,2022-04-26 22:45:11,17.9583,-102.2,clear sky,83.86,46,4,9.04
336,Klyuchi,RU,2022-04-26 22:45:12,52.2667,79.1667,broken clouds,44.8,77,57,5.3
337,Banjar,ID,2022-04-26 22:45:12,-8.19,114.9675,overcast clouds,76.96,75,100,3.6
338,Kerrobert,CA,2022-04-26 22:45:13,51.9168,-109.1348,overcast clouds,68.05,38,100,22.57
339,Lander,US,2022-04-26 22:45:13,42.833,-108.7307,clear sky,69.12,18,0,12.66
340,Mariental,NA,2022-04-26 22:45:14,-24.6333,17.9667,broken clouds,66.47,32,51,14.32
341,Nouakchott,MR,2022-04-26 22:45:14,18.0858,-15.9785,clear sky,69.73,76,0,19.95
342,Walvis Bay,NA,2022-04-26 22:45:15,-22.9575,14.5053,clear sky,65.35,63,0,2.3
343,Iwanai,JP,2022-04-26 22:45:15,42.9744,140.5089,overcast clouds,43.92,95,100,14.14
344,Aconibe,GQ,2022-04-26 22:45:16,1.2968,10.9369,moderate rain,68.67,99,94,2.19
345,Kem,RU,2022-04-26 22:45:16,64.9555,34.5793,scattered clouds,20.23,86,36,6.6
346,Hovd,MN,2022-04-26 22:45:17,48.0056,91.6419,scattered clouds,35.42,54,43,1.3
347,Fier,AL,2022-04-26 22:45:17,40.7239,19.5561,clear sky,55.4,67,0,2.8
348,Negara,ID,2022-04-26 22:45:18,-8.3151,114.6025,overcast clouds,77.04,83,100,1.28
349,Tongchuan,CN,2022-04-26 22:45:18,35.0806,109.0897,scattered clouds,57.78,75,39,7.61
350,Florida,US,2022-04-26 22:45:19,28.7505,-82.5001,scattered clouds,84.18,74,40,11.5
351,Ust-Karsk,RU,2022-04-26 22:45:19,52.7011,118.8077,scattered clouds,33.06,42,25,3.31
352,Half Moon Bay,US,2022-04-26 22:45:19,37.4636,-122.4286,haze,70.18,62,0,31.07
353,Lavrentiya,RU,2022-04-26 22:45:20,65.5833,-171.0,scattered clouds,25.86,83,50,3.67
354,Tazovskiy,RU,2022-04-26 22:45:21,67.4667,78.7,overcast clouds,22.82,94,100,14.23
355,Bagdarin,RU,2022-04-26 22:45:21,54.4333,113.6,scattered clouds,28.02,48,39,2.24
356,Rocha,UY,2022-04-26 22:45:21,-34.4833,-54.3333,broken clouds,68.2,88,54,13.8
357,Kenai,US,2022-04-26 22:45:22,60.5544,-151.2583,clear sky,51.89,50,0,6.91
358,Urucara,BR,2022-04-26 22:45:22,-2.5364,-57.76,overcast clouds,75.56,95,100,2.53
359,Talnakh,RU,2022-04-26 22:45:23,69.4865,88.3972,overcast clouds,11.21,95,92,7.81
360,Nantucket,US,2022-04-26 22:41:38,41.2835,-70.0995,overcast clouds,53.74,85,100,10.36
361,Buraydah,SA,2022-04-26 22:45:24,26.326,43.975,clear sky,77.45,53,3,8.77
362,Itoman,JP,2022-04-26 22:45:25,26.1247,127.6694,broken clouds,79.57,91,75,12.66
363,Comodoro Rivadavia,AR,2022-04-26 22:41:38,-45.8667,-67.5,few clouds,46.26,57,20,16.11
364,Kijang,KR,2022-04-26 22:45:26,35.2442,129.2139,broken clouds,62.33,79,81,18.63
365,Provideniya,RU,2022-04-26 22:45:26,64.3833,-173.3,broken clouds,28.51,80,75,11.18
366,Calvinia,ZA,2022-04-26 22:45:27,-31.4707,19.776,clear sky,55.62,29,0,7.54
367,Elk Plain,US,2022-04-26 22:45:27,47.0532,-122.3976,light rain,53.17,83,20,10.36
368,Willowmore,ZA,2022-04-26 22:45:28,-33.2926,23.4895,clear sky,48.94,73,0,3.83
369,Thompson,CA,2022-04-26 22:45:28,55.7435,-97.8558,clear sky,39.36,24,0,9.22
370,Marsh Harbour,BS,2022-04-26 22:45:28,26.5412,-77.0636,clear sky,74.75,69,0,10.47
371,Lincoln,US,2022-04-26 22:46:29,40.8,-96.667,clear sky,73.9,20,0,18.41
372,Varhaug,NO,2022-04-26 22:46:30,58.6147,5.6457,few clouds,44.89,87,17,3.02
373,Xocali,AZ,2022-04-26 22:46:30,39.913,46.7903,broken clouds,58.42,68,78,4.56
374,Berbera,SO,2022-04-26 22:46:30,10.4396,45.0143,light rain,83.21,83,27,9.55
375,Uthal,PK,2022-04-26 22:46:31,25.8072,66.6219,clear sky,80.46,78,0,4.05
376,Namatanai,PG,2022-04-26 22:46:31,-3.6667,152.4333,light rain,83.26,76,16,9.35
377,Sinnamary,GF,2022-04-26 22:46:32,5.3833,-52.95,overcast clouds,78.62,87,100,6.87
378,Avera,US,2022-04-26 22:46:33,33.194,-82.5271,broken clouds,76.51,62,79,12.17
379,Berdigestyakh,RU,2022-04-26 22:46:33,62.0989,126.6992,broken clouds,23.13,82,62,5.08
380,Clyde River,CA,2022-04-26 22:46:34,70.4692,-68.5914,overcast clouds,8.83,92,100,11.5
381,Ossora,RU,2022-04-26 22:46:34,59.2353,163.0719,overcast clouds,32.9,87,92,5.7
382,Yurga,RU,2022-04-26 22:46:35,55.7231,84.8861,few clouds,38.25,70,14,5.64
383,Mopti,ML,2022-04-26 22:46:36,14.6667,-4.0,clear sky,88.92,16,1,10.69
384,Guangyuan,CN,2022-04-26 22:46:36,32.442,105.823,broken clouds,66.42,88,75,1.54
385,Alindao,CF,2022-04-26 22:46:37,5.0267,21.2088,broken clouds,70.97,90,84,3.38
386,Uniara,IN,2022-04-26 22:46:37,26.15,75.2167,clear sky,86.36,19,0,12.17
387,Spas-Klepiki,RU,2022-04-26 22:46:38,55.1347,40.1767,broken clouds,46.4,92,82,4.72
388,Sept-Iles,CA,2022-04-26 22:46:37,50.2001,-66.3821,light intensity drizzle,36.12,96,100,4.61
389,Langsa,ID,2022-04-26 22:46:39,4.4683,97.9683,overcast clouds,74.79,96,99,2.66
390,Gushikawa,JP,2022-04-26 22:46:39,26.3544,127.8686,overcast clouds,78.8,86,100,11.5
391,Espita,MX,2022-04-26 22:46:40,21.0167,-88.3167,broken clouds,83.16,61,83,8.79
392,Abha,SA,2022-04-26 22:42:13,18.2164,42.5053,clear sky,55.22,71,0,0.0
393,Alikovo,RU,2022-04-26 22:46:41,55.7383,46.7549,broken clouds,50.16,91,66,5.19
394,Burla,IN,2022-04-26 22:46:41,21.5,83.8667,clear sky,80.4,22,3,3.31
395,Deer Lake,CA,2022-04-26 22:46:42,49.1667,-57.4316,overcast clouds,49.86,62,100,3.44
396,La Ronge,CA,2022-04-26 22:45:25,55.1001,-105.2842,clear sky,44.85,24,0,20.71
397,Manta,EC,2022-04-26 22:46:43,-0.95,-80.7333,broken clouds,80.38,74,75,11.5
398,Diu,IN,2022-04-26 22:46:43,20.7141,70.9822,clear sky,80.58,55,0,10.6
399,Usinsk,RU,2022-04-26 22:46:43,65.9939,57.5281,overcast clouds,35.29,94,100,17.13
400,Henties Bay,NA,2022-04-26 22:46:44,-22.116,14.2845,clear sky,63.55,69,1,4.85
401,Fez,MA,2022-04-26 22:46:44,34.0372,-4.9998,light rain,59.25,82,75,4.61
402,Kiunga,PG,2022-04-26 22:46:45,-6.1219,141.2906,overcast clouds,78.35,91,92,0.78
403,Talcahuano,CL,2022-04-26 22:46:45,-36.7167,-73.1167,scattered clouds,55.08,67,40,10.36
404,Sao Filipe,CV,2022-04-26 22:46:45,14.8961,-24.4956,few clouds,74.61,70,20,13.33
405,Balkanabat,TM,2022-04-26 22:46:46,39.5108,54.3671,overcast clouds,70.59,52,99,11.88
406,Shenzhen,CN,2022-04-26 22:46:25,22.5455,114.0683,clear sky,81.21,94,3,3.09
407,Tari,NG,2022-04-26 22:46:47,12.4086,4.4914,scattered clouds,87.62,12,30,6.53
408,Vikhorevka,RU,2022-04-26 22:46:47,56.1201,101.1636,light rain,36.99,93,100,11.43
409,Nicoya,CR,2022-04-26 22:46:21,10.1483,-85.452,overcast clouds,83.93,70,95,5.93
410,Shubarshi,KZ,2022-04-26 22:46:47,48.5872,57.1869,clear sky,53.26,44,8,6.42
411,Hazaribag,IN,2022-04-26 22:46:48,23.9833,85.35,scattered clouds,79.16,16,38,3.18
412,Jiazi,CN,2022-04-26 22:46:48,22.8779,116.067,scattered clouds,79.3,76,50,4.99
413,Honggang,CN,2022-04-26 22:46:49,46.4667,124.8667,clear sky,43.59,45,3,16.51
414,Barcelos,PT,2022-04-26 22:46:01,41.5388,-8.6151,clear sky,57.85,94,3,3.15
415,Sioux Lookout,CA,2022-04-26 22:42:49,50.1001,-91.917,overcast clouds,30.27,40,100,6.91
416,Mahabad,IR,2022-04-26 22:46:50,36.7631,45.7222,overcast clouds,51.96,86,100,0.72
417,Necochea,AR,2022-04-26 22:46:50,-38.5473,-58.7368,overcast clouds,66.92,90,99,10.18
418,Kailua,US,2022-04-26 22:43:02,21.4022,-157.7394,broken clouds,82.38,65,75,16.11
419,Warri,NG,2022-04-26 22:46:51,5.5167,5.75,light rain,78.03,91,38,4.05
420,Marawi,PH,2022-04-26 22:47:51,7.9986,124.2928,overcast clouds,72.7,89,90,1.1
421,Southend-On-Sea,GB,2022-04-26 22:47:52,51.5378,0.7143,broken clouds,47.89,85,75,4.0
422,Jiamusi,CN,2022-04-26 22:47:52,46.8333,130.35,scattered clouds,44.2,37,30,20.47
423,Topolobampo,MX,2022-04-26 22:47:53,25.6,-109.05,clear sky,83.37,34,0,13.69
424,Sahy,SK,2022-04-26 22:47:54,48.0741,18.9495,overcast clouds,55.4,88,93,4.14
425,Yola,NG,2022-04-26 22:47:54,9.2,12.4833,broken clouds,88.3,47,69,3.96
426,Yar-Sale,RU,2022-04-26 22:47:55,66.8333,70.8333,snow,31.48,96,100,23.49
427,Katherine,AU,2022-04-26 22:47:55,-14.4667,132.2667,overcast clouds,80.92,65,87,4.61
428,Bilma,NE,2022-04-26 22:47:56,18.6853,12.9164,clear sky,89.92,9,0,5.95
429,Kamenka,RU,2022-04-26 22:47:57,51.3223,42.7678,overcast clouds,57.63,72,98,4.83
430,Lambarene,GA,2022-04-26 22:47:57,-0.7001,10.2406,light rain,76.24,94,100,3.09
431,Ust-Kuyga,RU,2022-04-26 22:47:58,70.0167,135.6,overcast clouds,9.07,91,88,3.98
432,Guerrero Negro,MX,2022-04-26 22:47:59,27.9769,-114.0611,clear sky,72.66,45,7,18.25
433,Presidente Epitacio,BR,2022-04-26 22:47:59,-21.7633,-52.1156,broken clouds,82.71,43,70,6.35
434,Oksfjord,NO,2022-04-26 22:48:00,70.2396,22.3479,light snow,21.27,79,100,12.59
435,Adre,TD,2022-04-26 22:48:00,13.4667,22.2,broken clouds,84.0,31,68,6.31
436,Ludvika,SE,2022-04-26 22:48:01,60.1496,15.1878,broken clouds,34.34,59,69,5.28
437,Mahebourg,MU,2022-04-26 22:48:01,-20.4081,57.7,scattered clouds,75.49,88,40,8.05
438,Vao,NC,2022-04-26 22:48:02,-22.6667,167.4833,overcast clouds,74.46,59,100,16.53
439,Rhyl,GB,2022-04-26 22:48:02,53.3196,-3.4886,scattered clouds,48.85,89,50,8.34
440,Tenenkou,ML,2022-04-26 22:48:03,14.4572,-4.9169,clear sky,88.63,16,1,9.86
441,Kaseda,JP,2022-04-26 22:48:03,31.4167,130.3167,light rain,69.26,98,100,6.91
442,Agogo,GH,2022-04-26 22:48:04,6.8,-1.0819,overcast clouds,73.98,86,93,6.89
443,Artyom,AZ,2022-04-26 22:48:04,40.4723,50.333,overcast clouds,60.94,73,100,5.61
444,Beidao,CN,2022-04-26 22:48:05,34.5686,105.8933,broken clouds,60.49,70,57,3.62
445,Oltu,TR,2022-04-26 22:48:05,40.5498,42.0013,overcast clouds,55.31,74,85,1.48
446,Heihe,CN,2022-04-26 22:48:05,50.2441,127.4902,clear sky,39.78,50,3,17.45
447,Sulphur,US,2022-04-26 22:47:25,30.2366,-93.3774,clear sky,79.0,49,0,13.8
448,Kastamonu,TR,2022-04-26 22:48:06,41.5,33.6667,overcast clouds,51.13,63,96,1.34
449,Juneau,US,2022-04-26 22:48:06,58.3019,-134.4197,light rain,45.99,96,75,5.75
450,Lakatoro,VU,2022-04-26 22:48:07,-16.0999,167.4164,overcast clouds,82.0,70,98,15.7
451,Clifton,US,2022-04-26 22:43:16,40.8584,-74.1638,mist,63.16,83,100,6.91
452,Great Bend,US,2022-04-26 22:43:54,38.3645,-98.7648,clear sky,74.84,20,0,23.02
453,Kangavar,IR,2022-04-26 22:47:14,34.5043,47.9653,clear sky,51.64,68,1,1.41
454,Port-Cartier,CA,2022-04-26 22:48:08,50.0334,-66.8654,overcast clouds,35.82,99,100,1.57
455,Coquimbo,CL,2022-04-26 22:43:16,-29.9533,-71.3436,clear sky,60.53,82,0,6.91
456,Acari,PE,2022-04-26 22:48:09,-15.4311,-74.6158,broken clouds,72.54,74,80,4.74
457,Auki,SB,2022-04-26 22:48:09,-8.7676,160.7034,scattered clouds,84.76,68,44,3.29
458,Fairbanks,US,2022-04-26 22:46:43,64.8378,-147.7164,broken clouds,50.34,50,75,3.44
459,Montijo,PT,2022-04-26 22:47:46,38.7067,-8.9739,few clouds,61.54,85,20,5.75
460,Dawson,US,2022-04-26 22:48:10,31.7735,-84.4466,overcast clouds,85.42,84,91,11.41
461,Itarema,BR,2022-04-26 22:48:11,-2.9248,-39.9167,broken clouds,76.44,90,83,9.44
462,Saint-Joseph,RE,2022-04-26 22:48:11,-21.3667,55.6167,light rain,71.98,81,22,4.54
463,Daro,GN,2022-04-26 22:48:12,8.5185,-9.569,overcast clouds,74.43,75,99,3.0
464,Corralillo,CU,2022-04-26 22:48:12,22.9819,-80.5856,clear sky,77.94,67,6,17.76
465,Dimona,IL,2022-04-26 22:49:13,31.0667,35.0333,overcast clouds,66.06,41,100,4.9
466,Grand Gaube,MU,2022-04-26 22:49:13,-20.0064,57.6608,few clouds,75.6,76,18,4.0
467,Ostrovnoy,RU,2022-04-26 22:49:14,68.0531,39.5131,clear sky,14.77,77,5,23.22
468,Bergerac,FR,2022-04-26 22:49:14,44.8333,0.5,clear sky,56.88,87,0,1.14
469,Svenstrup,DK,2022-04-26 22:49:15,56.9723,9.8481,scattered clouds,40.84,83,42,3.44
470,Bendigo,AU,2022-04-26 22:49:15,-36.7667,144.2833,overcast clouds,61.86,63,100,1.99
471,Batouri,CM,2022-04-26 22:49:15,4.4333,14.3667,moderate rain,70.21,97,100,1.5
472,Mandalgovi,MN,2022-04-26 22:49:16,45.7625,106.2708,scattered clouds,31.51,25,30,8.1
473,Balikpapan,ID,2022-04-26 22:49:16,-1.2675,116.8289,light rain,74.39,100,20,3.44
474,Inirida,CO,2022-04-26 22:47:58,3.8653,-67.9239,moderate rain,74.32,98,100,1.36
475,Montrose,US,2022-04-26 22:49:17,38.4166,-108.2673,broken clouds,62.51,16,57,22.32
476,Blackwater,AU,2022-04-26 22:49:18,-23.5833,148.8833,clear sky,72.41,72,4,13.06
477,Haines Junction,CA,2022-04-26 22:49:18,60.7522,-137.5108,overcast clouds,51.75,43,100,12.66
478,San Carlos De Bariloche,AR,2022-04-26 22:48:10,-41.1456,-71.3082,light rain,35.35,87,75,18.41
479,Ardmore,US,2022-04-26 22:49:19,34.1743,-97.1436,clear sky,71.85,28,0,8.05
480,Namibe,AO,2022-04-26 22:49:19,-15.1961,12.1522,clear sky,71.46,74,1,4.97
481,Arlit,NE,2022-04-26 22:49:20,18.7369,7.3853,clear sky,81.43,12,0,7.92
482,Dandong,CN,2022-04-26 22:49:20,40.1292,124.3947,clear sky,49.87,33,0,11.36
483,Padang,ID,2022-04-26 22:49:20,-0.9492,100.3543,overcast clouds,78.64,85,95,4.34
484,Baghdad,IQ,2022-04-26 22:49:21,33.3406,44.4009,light rain,71.51,64,0,8.05
485,Les Cayes,HT,2022-04-26 22:49:21,18.2,-73.75,broken clouds,77.54,77,72,3.8
486,Kysyl-Syr,RU,2022-04-26 22:49:22,63.8986,122.7617,broken clouds,22.08,83,59,4.16
487,Karasburg,NA,2022-04-26 22:49:22,-28.0167,18.75,clear sky,59.22,21,0,12.17
488,High Level,CA,2022-04-26 22:45:06,58.5169,-117.136,broken clouds,50.11,50,75,4.61
489,Ardabil,IR,2022-04-26 22:45:53,38.2498,48.2933,broken clouds,44.15,81,75,4.61
490,Jian,CN,2022-04-26 22:49:23,27.1172,114.9793,scattered clouds,72.28,94,40,1.68
491,Callaway,US,2022-04-26 22:49:23,30.153,-85.5699,few clouds,80.98,65,20,8.05
492,Rawson,AR,2022-04-26 22:49:24,-43.3002,-65.1023,overcast clouds,57.06,30,100,22.93
493,Ancud,CL,2022-04-26 22:49:24,-41.8697,-73.8203,light rain,45.57,72,98,13.11
494,Plouzane,FR,2022-04-26 22:49:25,48.3833,-4.6167,clear sky,51.85,79,0,13.8
495,Pangoa,PE,2022-04-26 22:49:25,-12.1167,-73.0,broken clouds,74.01,88,80,1.72
496,Bella Union,UY,2022-04-26 22:49:26,-30.2752,-57.6007,overcast clouds,76.44,89,100,12.26
497,Jiaojiang,CN,2022-04-26 22:49:26,28.6803,121.4428,overcast clouds,70.0,90,100,7.45
498,Panindicuaro,MX,2022-04-26 22:49:26,19.9667,-101.7667,light rain,80.96,21,46,5.73
499,Katsuura,JP,2022-04-26 22:49:27,35.1333,140.3,light rain,69.82,92,100,30.06
500,Kirillov,RU,2022-04-26 22:49:27,59.863,38.3813,broken clouds,34.65,95,82,7.63
501,Atherton,GB,2022-04-26 22:49:28,53.5237,-2.4935,scattered clouds,48.22,74,31,1.99
502,Coruripe,BR,2022-04-26 22:49:28,-10.1256,-36.1756,clear sky,77.14,77,4,8.9
503,Petropavlovsk-Kamchatskiy,RU,2022-04-26 22:45:06,53.0452,158.6483,clear sky,43.39,39,0,11.18
504,Chaman,PK,2022-04-26 22:49:29,30.9236,66.4512,clear sky,72.72,13,6,3.49
505,Dengzhou,CN,2022-04-26 22:49:29,37.8086,120.7508,clear sky,51.66,55,0,9.73
506,Worland,US,2022-04-26 22:47:59,44.0169,-107.9554,clear sky,72.9,19,0,14.97
507,Itanhem,BR,2022-04-26 22:49:30,-17.1664,-40.33,clear sky,70.36,92,1,6.58
508,Jardim,BR,2022-04-26 22:49:30,-21.4803,-56.1381,overcast clouds,82.99,50,97,5.41
509,Banting,MY,2022-04-26 22:49:31,2.8167,101.5,overcast clouds,80.73,95,92,4.12
510,Umm Kaddadah,SD,2022-04-26 22:49:31,13.6017,26.6876,overcast clouds,83.1,27,100,4.5
511,Whitehorse,CA,2022-04-26 22:49:31,60.7161,-135.0538,broken clouds,48.97,49,75,2.3
512,Bathsheba,BB,2022-04-26 22:50:32,13.2167,-59.5167,broken clouds,79.41,83,75,6.91
513,Raxaul,IN,2022-04-26 22:50:32,26.9833,84.85,clear sky,80.96,45,0,12.3
514,Coaticook,CA,2022-04-26 22:50:33,45.1334,-71.7991,moderate rain,54.27,88,100,3.13
515,Mae Sot,TH,2022-04-26 22:50:33,16.7167,98.5667,scattered clouds,76.55,87,44,1.86
516,Assiniboia,CA,2022-04-26 22:46:07,49.6334,-105.9845,scattered clouds,51.62,37,39,26.46
517,Alofi,NU,2022-04-26 22:50:34,-19.0595,-169.9187,heavy intensity drizzle,75.09,23,100,4.61
518,Ilam,NP,2022-04-26 22:50:34,26.9167,87.9167,clear sky,65.16,66,4,5.66
519,Saint-Augustin,CA,2022-04-26 22:50:35,51.226,-58.6502,snow,34.97,97,100,8.55
520,Tarifa,ES,2022-04-26 22:50:35,36.0139,-5.607,scattered clouds,59.02,83,42,2.06
521,Bereda,ES,2022-04-26 22:50:36,43.2686,-7.5406,broken clouds,51.15,100,71,0.78
522,Milkovo,RU,2022-04-26 22:50:36,54.7167,158.6167,few clouds,35.24,59,18,1.5
523,Teahupoo,PF,2022-04-26 22:50:37,-17.8333,-149.2667,light rain,82.36,76,36,21.94
524,Ueki,JP,2022-04-26 22:50:37,32.9,130.6833,shower rain,71.73,100,75,4.61
525,Linkou,CN,2022-04-26 22:50:38,45.3,130.2833,clear sky,44.24,36,5,21.43
526,Sibolga,ID,2022-04-26 22:47:48,1.7427,98.7792,overcast clouds,76.96,80,94,2.82
527,Poli,TZ,2022-04-26 22:50:38,-3.3333,36.8,light rain,59.49,95,99,2.19
528,Aligudarz,IR,2022-04-26 22:47:14,33.4006,49.6949,clear sky,50.86,62,4,4.43
529,Kununurra,AU,2022-04-26 22:50:39,-15.7667,128.7333,overcast clouds,73.38,88,100,2.3
530,Port-Gentil,GA,2022-04-26 22:50:40,-0.7193,8.7815,thunderstorm,82.36,89,40,5.75
531,Igarka,RU,2022-04-26 22:50:40,67.4667,86.5833,overcast clouds,5.76,99,90,7.25
532,Nimaparha,IN,2022-04-26 22:50:41,20.0667,86.0167,clear sky,79.83,90,0,13.71
533,Banyo,CM,2022-04-26 22:50:41,6.75,11.8167,light rain,69.26,85,100,2.46
534,Puerto Escondido,MX,2022-04-26 22:47:47,15.85,-97.0667,scattered clouds,84.47,64,31,5.03
535,Cody,US,2022-04-26 22:50:42,44.5263,-109.0565,scattered clouds,67.05,21,40,23.0
536,Benguela,AO,2022-04-26 22:50:43,-12.5763,13.4055,broken clouds,74.86,86,59,2.59
537,Nong Kung Si,TH,2022-04-26 22:50:43,16.65,103.3,few clouds,83.82,99,18,9.1
538,Seoul,KR,2022-04-26 22:50:44,37.5683,126.9778,sand,56.8,29,0,6.91
539,Moroni,KM,2022-04-26 22:50:44,-11.7022,43.2551,few clouds,79.65,82,23,4.52
540,Kruisfontein,ZA,2022-04-26 22:50:44,-34.0033,24.7314,clear sky,49.89,83,10,6.29
541,Challans,FR,2022-04-26 22:50:45,46.8436,-1.8749,broken clouds,53.8,73,79,16.78
542,Ous,RU,2022-04-26 22:50:45,60.9058,61.5186,overcast clouds,47.61,96,100,7.16
543,Herveo,CO,2022-04-26 22:50:46,5.0833,-75.1667,overcast clouds,66.54,98,96,2.73
544,Saint-Georges,GD,2022-04-26 22:49:08,12.0564,-61.7485,broken clouds,78.48,89,75,11.5
545,Quelimane,MZ,2022-04-26 22:50:46,-17.8786,36.8883,few clouds,75.15,100,20,5.01
546,Urumqi,CN,2022-04-26 22:47:23,43.801,87.6005,clear sky,45.55,71,0,2.24
547,Nizhnyaya Tavda,RU,2022-04-26 22:50:47,57.6731,66.1725,overcast clouds,48.04,83,91,9.53
548,Nizhniy Kuranakh,RU,2022-04-26 22:50:47,58.8353,125.4869,broken clouds,29.57,84,83,1.86
549,Tabou,CI,2022-04-26 22:50:48,4.423,-7.3528,light rain,80.51,84,100,7.72
550,Vestmannaeyjar,IS,2022-04-26 22:46:31,63.4427,-20.2734,overcast clouds,46.0,79,100,4.7
551,Jishou,CN,2022-04-26 22:50:48,28.3167,109.7167,broken clouds,68.76,90,59,2.13
552,Atasu,KZ,2022-04-26 22:50:49,48.6814,71.6433,overcast clouds,49.28,44,97,5.14
553,Tateyama,JP,2022-04-26 22:50:49,34.9833,139.8667,light intensity shower rain,69.73,83,75,17.27
554,Pachelma,RU,2022-04-26 22:50:50,53.2443,43.3521,scattered clouds,54.34,86,25,6.76
555,Kudat,MY,2022-04-26 22:51:50,6.8837,116.8477,few clouds,75.29,100,20,2.3
556,Taltal,CL,2022-04-26 22:51:51,-25.4,-70.4833,overcast clouds,63.55,81,100,4.81
557,Ankang,CN,2022-04-26 22:51:51,32.68,109.0172,overcast clouds,66.4,82,90,2.8
558,Kishi,NG,2022-04-26 22:51:52,9.0833,3.85,overcast clouds,80.28,69,97,10.31
559,Horki,BY,2022-04-26 22:51:52,54.2861,30.9842,overcast clouds,43.68,73,100,6.73
560,Burns Lake,CA,2022-04-26 22:51:53,54.2331,-125.7533,broken clouds,45.82,34,65,5.1
561,Grigiskes,LT,2022-04-26 22:51:53,54.6833,25.0833,clear sky,47.5,82,0,3.44
562,Nacogdoches,US,2022-04-26 22:51:53,31.6002,-94.6335,clear sky,75.33,51,0,6.78
563,Tenkodogo,BF,2022-04-26 22:51:54,11.78,-0.3697,broken clouds,93.65,20,59,5.5
564,Doha,QA,2022-04-26 22:51:37,25.2867,51.5333,clear sky,76.98,62,0,1.14
565,Abdulino,RU,2022-04-26 22:51:54,53.7,53.6667,broken clouds,56.23,63,56,15.79
566,Upata,VE,2022-04-26 22:51:55,8.0086,-62.3989,overcast clouds,75.56,85,98,4.0
567,Karonga,MW,2022-04-26 22:51:55,-9.9333,33.9333,light rain,71.35,89,100,3.85
568,Darhan,MN,2022-04-26 22:51:56,49.4867,105.9228,broken clouds,34.81,32,51,0.78
569,Rovaniemi,FI,2022-04-26 22:51:56,66.5,25.7167,few clouds,22.41,63,20,4.61
570,Jalu,LY,2022-04-26 22:51:57,29.0331,21.5482,scattered clouds,79.02,17,39,14.92
571,Kudahuvadhoo,MV,2022-04-26 22:51:57,2.6708,72.8944,broken clouds,83.59,73,66,3.62
572,Petatlan,MX,2022-04-26 22:51:57,17.5167,-101.2667,clear sky,86.9,40,7,5.61
573,Lutin,CZ,2022-04-26 22:51:58,49.5584,17.1357,overcast clouds,44.89,92,97,1.01
574,Charters Towers,AU,2022-04-26 22:51:58,-20.1,146.2667,clear sky,73.96,76,1,9.82
575,Turukhansk,RU,2022-04-26 22:51:59,65.8167,87.9833,scattered clouds,13.41,92,47,5.06
576,Barinas,VE,2022-04-26 22:51:59,8.6226,-70.2075,overcast clouds,82.67,65,99,3.11
577,Almeirim,BR,2022-04-26 22:51:59,-1.5233,-52.5817,overcast clouds,74.68,96,96,2.26
578,Thinadhoo,MV,2022-04-26 22:52:00,0.5333,72.9333,broken clouds,84.18,73,75,6.31
579,Salta,AR,2022-04-26 22:49:13,-24.7859,-65.4117,broken clouds,72.19,78,75,5.75
580,Rio Gallegos,AR,2022-04-26 22:48:08,-51.6226,-69.2181,broken clouds,39.25,75,75,10.36
581,General Roca,AR,2022-04-26 22:52:01,-39.0333,-67.5833,light rain,57.61,35,100,17.98
582,Sol-Iletsk,RU,2022-04-26 22:52:01,51.1631,54.9918,overcast clouds,54.59,60,91,10.29
583,Yongan,CN,2022-04-26 22:52:02,39.6957,113.6871,overcast clouds,44.6,22,95,8.21
584,Namtsy,RU,2022-04-26 22:52:02,62.7161,129.6658,broken clouds,20.62,85,65,5.91
585,Pangai,TO,2022-04-26 22:52:02,-19.8,-174.35,broken clouds,75.31,78,75,5.75
586,Paramonga,PE,2022-04-26 22:52:03,-10.6667,-77.8333,broken clouds,68.2,86,52,9.19
587,Fasa,IR,2022-04-26 22:52:03,28.9383,53.6482,broken clouds,60.04,55,82,6.91
588,Sibu,MY,2022-04-26 22:52:04,2.3,111.8167,scattered clouds,75.51,94,40,2.3
589,Karratha,AU,2022-04-26 22:52:04,-20.7377,116.8463,overcast clouds,78.1,60,100,8.77
590,Iskateley,RU,2022-04-26 22:52:05,67.6803,53.1512,snow,26.47,94,100,26.89
591,Batesville,US,2022-04-26 22:52:05,35.7698,-91.641,clear sky,67.08,24,0,9.22
592,La Libertad,EC,2022-04-26 22:52:05,-2.2333,-80.9,scattered clouds,76.66,78,40,8.05
593,Kampot,KH,2022-04-26 22:50:12,10.6167,104.1833,broken clouds,78.85,85,56,5.53
594,Tlaxco,MX,2022-04-26 22:52:06,19.6167,-98.1167,broken clouds,59.85,62,62,12.28
595,Antofagasta,CL,2022-04-26 22:52:07,-23.65,-70.4,overcast clouds,63.68,86,98,6.29
596,Eureka,US,2022-04-26 22:52:07,40.8021,-124.1637,few clouds,63.68,71,22,10.0
597,Sola,VU,2022-04-26 22:52:07,-13.8833,167.55,overcast clouds,82.22,72,99,17.69
598,Leningradskiy,RU,2022-04-26 22:52:08,69.3833,178.4167,broken clouds,17.31,84,60,12.06
599,Alyangula,AU,2022-04-26 22:52:08,-13.8483,136.4192,scattered clouds,76.87,94,49,4.61
600,Concordia,AR,2022-04-26 22:52:09,-31.393,-58.0209,broken clouds,77.79,87,57,18.01
601,Olinda,BR,2022-04-26 22:52:09,-8.0089,-34.8553,scattered clouds,82.13,65,40,9.22
602,Lipin Bor,RU,2022-04-26 22:52:09,60.2622,37.9763,overcast clouds,34.3,95,89,9.93
603,Mareeba,AU,2022-04-26 22:53:10,-17.0,145.4333,scattered clouds,77.49,85,26,3.02
604,Murray Bridge,AU,2022-04-26 22:53:10,-35.1167,139.2667,overcast clouds,62.82,85,100,9.82
605,Mount Isa,AU,2022-04-26 22:53:11,-20.7333,139.5,scattered clouds,71.37,78,40,6.91
606,Inuvik,CA,2022-04-26 22:53:11,68.3499,-133.7218,scattered clouds,23.76,79,40,6.91
607,Togur,RU,2022-04-26 22:53:12,58.3631,82.8265,broken clouds,35.51,92,83,4.88
608,Mokhsogollokh,RU,2022-04-26 22:53:12,61.4681,128.9203,broken clouds,26.29,71,80,4.52
609,Bitung,ID,2022-04-26 22:53:13,1.4451,125.1824,light rain,77.85,81,99,5.61
610,Amalner,IN,2022-04-26 22:53:13,21.05,75.0667,clear sky,87.31,18,0,6.42
611,Elizabeth City,US,2022-04-26 22:53:13,36.2946,-76.2511,clear sky,87.82,42,0,11.5
612,Fukuma,JP,2022-04-26 22:53:14,33.7667,130.4667,light rain,69.3,95,100,7.94
613,Darab,IR,2022-04-26 22:53:14,28.7519,54.5444,overcast clouds,70.75,39,100,2.15
614,Yeppoon,AU,2022-04-26 22:53:15,-23.1333,150.7333,broken clouds,71.38,75,71,16.69
615,Verkhnevilyuysk,RU,2022-04-26 22:53:15,63.4453,120.3167,scattered clouds,23.9,81,42,2.13
616,Ratnagiri,IN,2022-04-26 22:53:15,16.9833,73.3,clear sky,81.79,74,8,7.07
617,Palauig,PH,2022-04-26 22:53:16,15.435,119.9045,scattered clouds,84.06,65,34,2.86
618,Marzuq,YE,2022-04-26 22:53:16,14.4,46.4667,overcast clouds,77.04,53,88,0.81
619,Makrana,IN,2022-04-26 22:53:17,27.05,74.7167,clear sky,81.66,21,0,7.23
620,Ketchikan,US,2022-04-26 22:53:17,55.3422,-131.6461,overcast clouds,44.58,58,100,2.82
621,Mineral Wells,US,2022-04-26 22:53:18,32.8085,-98.1128,clear sky,76.26,37,0,10.87
622,Ambon,ID,2022-04-26 22:49:43,-3.6954,128.1814,few clouds,75.34,94,20,2.3
623,Richards Bay,ZA,2022-04-26 22:53:18,-28.783,32.0377,overcast clouds,66.22,68,99,9.98
624,Mogoytuy,RU,2022-04-26 22:53:19,51.2833,114.9167,clear sky,33.06,36,10,8.97
625,Oranzherei,RU,2022-04-26 22:53:19,45.8476,47.5663,few clouds,61.36,59,18,9.42
626,Sinjai,ID,2022-04-26 22:53:20,-5.1241,120.253,moderate rain,76.95,85,99,2.98
627,Shirokiy,RU,2022-04-26 22:53:20,49.758,129.523,broken clouds,33.1,78,65,19.46
628,Hami,CN,2022-04-26 22:51:10,42.8,93.45,overcast clouds,55.17,52,96,3.89
629,Valdivia,CL,2022-04-26 22:53:21,-39.8142,-73.2459,light rain,48.29,89,53,6.4
630,Kamaishi,JP,2022-04-26 22:53:21,39.2667,141.8833,overcast clouds,55.71,90,100,10.85
631,Mosetse,BW,2022-04-26 22:53:21,-20.75,26.65,scattered clouds,65.12,77,49,12.77
632,Tommot,RU,2022-04-26 22:53:22,58.9564,126.2925,overcast clouds,30.27,81,85,1.57
633,Mazatlan,MX,2022-04-26 22:48:45,23.2167,-106.4167,clear sky,79.92,77,9,7.0
634,Mayya,RU,2022-04-26 22:53:23,61.7333,130.2811,overcast clouds,25.92,72,90,5.21
635,Vardo,NO,2022-04-26 22:53:23,70.3705,31.1107,light snow,21.54,74,100,32.64
636,Nabire,ID,2022-04-26 22:53:24,-3.3667,135.4833,overcast clouds,81.36,78,91,2.24
637,Jambi,ID,2022-04-26 22:53:24,-1.6,103.6167,broken clouds,74.62,96,72,1.23
638,Sasina,BA,2022-04-26 22:53:24,44.7987,16.739,few clouds,46.38,86,12,3.78
639,Isangel,VU,2022-04-26 22:53:25,-19.55,169.2667,overcast clouds,78.58,60,91,17.85
640,Bud,US,2022-04-26 22:53:25,39.447,-86.1758,clear sky,55.45,51,4,11.65
641,Muroto,JP,2022-04-26 22:53:26,33.2833,134.15,overcast clouds,68.9,92,100,4.65
642,Aswan,EG,2022-04-26 22:53:26,24.0934,32.907,clear sky,83.5,14,0,5.75
643,Beruwala,LK,2022-04-26 22:53:27,6.4788,79.9828,overcast clouds,79.3,86,98,5.23
644,Svetlogorsk,BY,2022-04-26 22:53:27,52.6333,29.7333,overcast clouds,46.53,79,100,6.8
645,Dagua,CO,2022-04-26 22:53:28,3.6569,-76.6886,overcast clouds,81.1,98,100,3.91
646,Rancho Palos Verdes,US,2022-04-26 22:49:50,33.7445,-118.387,scattered clouds,80.92,71,40,11.5
647,Isla Vista,US,2022-04-26 22:53:28,34.4133,-119.861,overcast clouds,74.98,55,97,5.46
648,Kargasok,RU,2022-04-26 22:53:29,59.0556,80.8572,overcast clouds,34.83,98,100,6.62
649,Ulaangom,MN,2022-04-26 22:53:29,49.9811,92.0667,broken clouds,36.09,34,77,0.72
650,Aguilas,ES,2022-04-26 22:54:30,37.4063,-1.5829,overcast clouds,61.74,64,100,1.9
651,Asau,RO,2022-04-26 22:54:30,46.4333,26.4,few clouds,49.95,82,22,1.05
652,Monterey,US,2022-04-26 22:54:30,36.2505,-121.2516,overcast clouds,70.18,34,98,15.82
653,Makkaveyevo,RU,2022-04-26 22:54:31,51.7533,113.9454,clear sky,31.14,42,10,3.29
654,Kharp,RU,2022-04-26 22:54:31,66.8014,65.8081,overcast clouds,32.77,99,100,2.19
655,Kangaatsiaq,GL,2022-04-26 22:54:32,68.3065,-53.4641,overcast clouds,32.58,90,100,4.18
656,Mehran,IR,2022-04-26 22:54:32,33.1222,46.1646,clear sky,75.9,41,1,4.88
657,Xichang,CN,2022-04-26 22:54:32,27.8964,102.2634,clear sky,58.57,85,4,1.57
658,Tromso,NO,2022-04-26 22:49:55,69.6496,18.957,few clouds,20.37,86,20,2.3
659,Bourges,FR,2022-04-26 22:54:33,47.25,2.4167,clear sky,45.99,87,9,9.44
660,Wakkanai,JP,2022-04-26 22:54:33,45.4094,141.6739,overcast clouds,39.09,96,100,30.2
661,Sumbe,AO,2022-04-26 22:54:34,-11.2061,13.8437,overcast clouds,76.37,89,97,5.19
662,Pemberton,CA,2022-04-26 22:54:34,50.3164,-122.8027,overcast clouds,51.49,88,99,4.07
663,Krasnyy Yar,RU,2022-04-26 22:54:35,46.5331,48.3456,clear sky,53.53,44,3,8.01
664,College,US,2022-04-26 22:54:35,64.8569,-147.8028,broken clouds,50.32,57,75,3.44
665,Korla,CN,2022-04-26 22:54:35,41.7597,86.1469,clear sky,53.71,47,0,14.52
666,Praia,CV,2022-04-26 22:54:36,14.9215,-23.5087,broken clouds,72.14,73,75,17.27
667,Rantepao,ID,2022-04-26 22:54:36,-2.9701,119.8978,overcast clouds,68.23,96,100,2.01
668,Baruun-Urt,MN,2022-04-26 22:54:37,46.6806,113.2792,broken clouds,33.84,21,54,6.46
669,Ewa Beach,US,2022-04-26 22:54:37,21.3156,-158.0072,broken clouds,80.55,63,75,11.5
670,The Pas,CA,2022-04-26 22:54:01,53.8251,-101.2541,clear sky,33.82,44,0,20.71
671,Bosaso,SO,2022-04-26 22:54:38,11.2842,49.1816,clear sky,82.69,69,9,1.23
672,Salalah,OM,2022-04-26 22:54:38,17.0151,54.0924,clear sky,78.04,81,4,2.3
673,Aripuana,BR,2022-04-26 22:50:08,-9.1667,-60.6333,broken clouds,79.77,70,76,2.3
674,Koulikoro,ML,2022-04-26 22:54:39,14.0,-7.75,clear sky,83.75,18,3,9.53
675,Phek,IN,2022-04-26 22:54:39,25.6667,94.5,clear sky,50.7,84,0,1.59
676,Bilsi,IN,2022-04-26 22:54:40,28.1333,78.9167,clear sky,83.95,13,0,4.03
677,Marienburg,PL,2022-04-26 22:54:40,54.0359,19.0266,few clouds,43.88,77,14,2.95
678,Plettenberg Bay,ZA,2022-04-26 22:54:41,-34.0527,23.3716,clear sky,55.94,82,0,4.32
679,El Sauzal,MX,2022-04-26 22:54:41,31.9,-116.6833,overcast clouds,68.41,75,100,7.54
680,Yulara,AU,2022-04-26 22:54:42,-25.2406,130.9889,overcast clouds,57.04,54,99,5.75
681,Ust-Ilimsk,RU,2022-04-26 22:54:42,58.0006,102.6619,snow,31.51,98,100,3.87
682,Gladzor,AM,2022-04-26 22:54:42,39.7812,45.3504,overcast clouds,52.99,68,88,3.65
683,Iquique,CL,2022-04-26 22:50:44,-20.2208,-70.1431,broken clouds,66.24,83,52,6.71
684,Sangar,RU,2022-04-26 22:54:43,63.9242,127.4739,scattered clouds,16.09,87,41,3.62
685,Mangrol,IN,2022-04-26 22:54:43,21.1167,70.1167,clear sky,79.54,78,0,9.73
686,Hofn,IS,2022-04-26 22:54:44,64.2539,-15.2082,scattered clouds,45.46,76,42,5.32
687,Sobolevo,RU,2022-04-26 22:54:44,54.4299,31.8996,overcast clouds,42.03,81,100,5.64
688,Palmer,US,2022-04-26 22:54:45,42.1584,-72.3287,overcast clouds,53.24,87,100,0.0
689,Zahir Pir,PK,2022-04-26 22:54:45,28.8124,70.524,clear sky,86.58,11,0,2.95
690,Khash,IR,2022-04-26 22:54:46,28.2211,61.2158,few clouds,69.6,29,11,4.36
691,Dubrovnik,HR,2022-04-26 22:54:46,42.6481,18.0922,clear sky,58.64,88,0,6.91
692,Bac Lieu,VN,2022-04-26 22:54:46,9.285,105.7244,overcast clouds,81.07,76,98,4.38
693,Pitimbu,BR,2022-04-26 22:54:47,-7.4706,-34.8086,scattered clouds,77.59,73,32,12.37
694,Nacala,MZ,2022-04-26 22:54:47,-14.5428,40.6728,light rain,73.2,98,87,7.25
695,Ottawa,CA,2022-04-26 22:53:54,45.4112,-75.6981,broken clouds,52.99,65,75,11.5
696,Tawau,MY,2022-04-26 22:54:48,4.2498,117.8871,overcast clouds,75.33,100,100,1.01
697,Abeche,TD,2022-04-26 22:55:48,13.8292,20.8324,broken clouds,89.28,19,69,2.8
698,Yablonovo,RU,2022-04-26 22:55:49,50.8523,37.3574,few clouds,50.56,91,18,7.09
699,Banda Aceh,ID,2022-04-26 22:55:49,5.5577,95.3222,overcast clouds,79.99,86,100,7.36
700,Mauganj,IN,2022-04-26 22:55:49,24.6833,81.8833,clear sky,86.27,15,1,3.0
701,Kashi,CN,2022-04-26 22:55:50,39.4547,75.9797,broken clouds,67.21,18,75,6.71
